port	remote_patch
ports/compat-32/avahi-32/Pkgfile	https://www.linuxfromscratch.org/patches/blfs/svn/avahi-$version-ipv6_race_condition_fix-1.patch
ports/compat-32/libpng12-32/Pkgfile	https://sourceforge.net/projects/libpng-apng/files/libpng12/$version/libpng-$version-apng.patch.gz
ports/compiz/compiz/Pkgfile	https://gitlab.com/compiz/compiz-core/-/commit/c0c605dd.patch
ports/compiz/compiz/Pkgfile	https://gitlab.com/compiz/compiz-core/-/commit/9f105a8b.patch
ports/compiz/compiz/Pkgfile	https://gitlab.com/compiz/compiz-core/-/commit/ea7b3731.patch
ports/compiz/compiz/Pkgfile	https://gitlab.com/compiz/compiz-core/-/commit/d4213fa4.patch
ports/compiz/compiz-plugins-experimental/Pkgfile	https://gitlab.com/compiz/$name/-/commit/35ce86af.patch
ports/compiz/compiz-plugins-extra/Pkgfile	https://gitlab.com/compiz/compiz-plugins-extra/-/commit/e4f0ed89.patch
ports/compiz/compiz-plugins-extra/Pkgfile	https://gitlab.com/compiz/compiz-plugins-extra/-/commit/5f653e44.patch
ports/compiz/compiz-plugins-main/Pkgfile	https://gitlab.com/compiz/compiz-plugins-main/-/commit/568f653a.patch
ports/core/coreutils/Pkgfile	https://www.linuxfromscratch.org/patches/downloads/coreutils/coreutils-9.11-i18n-1.patch
ports/core/gptfdisk/Pkgfile	https://www.linuxfromscratch.org/patches/blfs/svn/$name-$version-convenience-1.patch
ports/core/python3/Pkgfile	https://www.linuxfromscratch.org/patches/downloads/Python/Python-$version-openssl_4-1.patch
ports/core/zlib/Pkgfile	https://github.com/madler/zlib/commit/36ff1be48ef696cc67b0855f7c8537ce0276210d.patch
ports/gnome/gnome-nettool/Pkgfile	https://www.linuxfromscratch.org/patches/blfs/svn/$name-$version-ping_and_netstat_fixes-1.patch
ports/gnome/polkit-gnome/Pkgfile	https://www.linuxfromscratch.org/patches/blfs/svn/$name-$version-consolidated_fixes-1.patch
ports/opt/avahi/Pkgfile	https://www.linuxfromscratch.org/patches/blfs/svn/avahi-$version-ipv6_race_condition_fix-1.patch
ports/opt/cdparanoia/Pkgfile	https://www.linuxfromscratch.org/patches/blfs/svn/$name-III-$version-gcc_fixes-1.patch
ports/opt/docbook-xsl-nons/Pkgfile	https://www.linuxfromscratch.org/patches/blfs/svn/$name-$version-stack_fix-1.patch
ports/opt/ffmpeg/Pkgfile	https://www.linuxfromscratch.org/patches/blfs/svn/ffmpeg-$version-chromium_method-1.patch
ports/opt/glib/Pkgfile	https://www.linuxfromscratch.org/patches/blfs/svn/glib-skip_warnings-1.patch
ports/opt/gpm/Pkgfile	https://www.linuxfromscratch.org/patches/blfs/svn/gpm-1.20.7-gcc15_fixes-1.patch
ports/opt/kerberos/Pkgfile	https://www.linuxfromscratch.org/patches/blfs/svn/mitkrb-$version-upstream_fix-1.patch
ports/opt/kerberos/Pkgfile	https://www.linuxfromscratch.org/patches/blfs/svn/mitkrb-$version-security_fix-1.patch
ports/opt/kerberos/Pkgfile	https://www.linuxfromscratch.org/patches/blfs/svn/mitkrb-$version-openssl_4_fixes-1.patch
ports/opt/libcanberra/Pkgfile	https://www.linuxfromscratch.org/patches/blfs/svn/$name-$version-wayland-1.patch
ports/opt/libmad/Pkgfile	https://www.linuxfromscratch.org/patches/blfs/svn/$name-$version-fixes-1.patch
ports/opt/libmusicbrainz/Pkgfile	https://www.linuxfromscratch.org/patches/blfs/svn/$name-$version-cmake_fixes-1.patch
ports/opt/libmusicbrainz5/Pkgfile	https://www.linuxfromscratch.org/patches/blfs/svn/libmusicbrainz-$version-cmake_fixes-1.patch
ports/opt/mlt/Pkgfile	https://www.linuxfromscratch.org/patches/blfs/svn/mlt-7.40.0-ffmpeg-9.0.patch
ports/opt/protobuf-c/Pkgfile	https://www.linuxfromscratch.org/patches/blfs/svn/protobuf-c-${version}-protobuf34_fix-1.patch
ports/opt/sgml-common/Pkgfile	https://www.linuxfromscratch.org/patches/blfs/svn/$name-$version-manpage-1.patch
ports/opt/socat/Pkgfile	https://www.linuxfromscratch.org/slfs/view/dev/download/socat/socat-$version-openssl4_fixes-1.patch
ports/xorg/xorg-server/Pkgfile	https://www.linuxfromscratch.org/patches/blfs/svn/$name-$version-tearfree_backport-2.patch
