port	change	old_version	new_version	old_release	new_release
compat-32/alsa-lib-32	RECIPE	1.2.16.1	1.2.16.1	1	1
compat-32/alsa-plugins-32	RECIPE	1.2.12	1.2.12	1	1
compat-32/at-spi2-core-32	RECIPE	2.60.6	2.60.6	1	1
compat-32/attr-32	RECIPE	2.6.0	2.6.0	1	1
compat-32/brotli-32	RECIPE	1.2.0	1.2.0	1	1
compat-32/bzip2-32	RECIPE	1.0.8	1.0.8	2	2
compat-32/cairo-32	RECIPE	1.18.4	1.18.4	1	1
compat-32/cdparanoia-32	RECIPE	10.2	10.2	3	3
compat-32/cups-32	RECIPE	2.4.19	2.4.19	1	1
compat-32/curl-32	RECIPE	8.22.0	8.22.0	1	1
compat-32/db-32	RECIPE	5.3.28	5.3.28	2	2
compat-32/dbus-32	RECIPE	1.16.2	1.16.2	1	1
compat-32/dbus-glib-32	RECIPE	0.114	0.114	1	1
compat-32/elfutils-32	RECIPE	0.195	0.195	1	1
compat-32/eudev-32	RECIPE	3.2.14	3.2.14	1	1
compat-32/expat-32	RECIPE	2.8.4	2.8.4	1	1
compat-32/faudio-32	RECIPE	26.09	26.09	1	1
compat-32/flac-32	RECIPE	1.5.0	1.5.0	1	1
compat-32/fontconfig-32	RECIPE	2.18.3	2.18.3	1	1
compat-32/freeglut-32	RECIPE	3.8.0	3.8.0	1	1
compat-32/fribidi-32	RECIPE	1.0.16	1.0.16	1	1
compat-32/gdbm-32	RECIPE	1.26	1.26	1	1
compat-32/gdk-pixbuf-32	RECIPE	2.44.8	2.44.8	1	1
compat-32/glew-32	RECIPE	2.3.1	2.3.1	1	1
compat-32/glib-32	UPDATED	2.88.3	2.90.0	1	1
compat-32/glu-32	RECIPE	9.0.3	9.0.3	1	1
compat-32/gnutls-32	RECIPE	3.8.13	3.8.13	1	1
compat-32/graphene-32	RECIPE	1.10.8	1.10.8	1	1
compat-32/gst-plugins-base-32	UPDATED	1.28.6	1.28.7	1	1
compat-32/gstreamer-32	UPDATED	1.28.6	1.28.7	1	1
compat-32/gtk-32	RECIPE	2.24.33	2.24.33	1	1
compat-32/harfbuzz-32	RECIPE	14.4.0	14.4.0	1	1
compat-32/icu-32	RECIPE	78.3	78.3	1	1
compat-32/imlib2-32	UPDATED	1.12.6	1.12.7	1	1
compat-32/jansson-32	RECIPE	2.15.1	2.15.1	1	1
compat-32/jq-32	RECIPE	1.8.2	1.8.2	1	1
compat-32/kmod-32	RECIPE	34.2	34.2	2	2
compat-32/lcms2-32	RECIPE	2.19.1	2.19.1	1	1
compat-32/libSM-32	RECIPE	1.2.6	1.2.6	2	2
compat-32/libX11-32	RECIPE	1.8.13	1.8.13	1	1
compat-32/libXScrnSaver-32	RECIPE	1.2.5	1.2.5	1	1
compat-32/libXau-32	RECIPE	1.0.12	1.0.12	1	1
compat-32/libXcomposite-32	RECIPE	0.4.7	0.4.7	1	1
compat-32/libXcursor-32	RECIPE	1.2.3	1.2.3	1	1
compat-32/libXdamage-32	RECIPE	1.1.7	1.1.7	1	1
compat-32/libXdmcp-32	RECIPE	1.1.5	1.1.5	1	1
compat-32/libXext-32	RECIPE	1.3.7	1.3.7	1	1
compat-32/libXfixes-32	RECIPE	6.0.2	6.0.2	1	1
compat-32/libXft-32	RECIPE	2.3.9	2.3.9	1	1
compat-32/libXi-32	RECIPE	1.8.3	1.8.3	1	1
compat-32/libXinerama-32	RECIPE	1.1.6	1.1.6	1	1
compat-32/libXmu-32	RECIPE	1.3.1	1.3.1	1	1
compat-32/libXrandr-32	RECIPE	1.5.5	1.5.5	1	1
compat-32/libXrender-32	RECIPE	0.9.12	0.9.12	1	1
compat-32/libXt-32	RECIPE	1.3.1	1.3.1	2	2
compat-32/libXtst-32	RECIPE	1.2.5	1.2.5	1	1
compat-32/libXv-32	RECIPE	1.0.13	1.0.13	1	1
compat-32/libXvMC-32	RECIPE	1.0.15	1.0.15	1	1
compat-32/libXxf86vm-32	RECIPE	1.1.7	1.1.7	1	1
compat-32/libappindicator-gtk2-32	RECIPE	12.10	12.10	1	1
compat-32/libappindicator-sharp-32	RECIPE	12.10	12.10	1	1
compat-32/libcaca-32	RECIPE	0.99.beta20	0.99.beta20	1	1
compat-32/libcanberra-32	RECIPE	0.30	0.30	1	1
compat-32/libcap-32	RECIPE	2.78	2.78	1	1
compat-32/libdaemon-32	RECIPE	0.14	0.14	1	1
compat-32/libdbusmenu-glib-32	RECIPE	18.10	18.10	2	2
compat-32/libdbusmenu-gtk2-32	RECIPE	18.10	18.10	2	2
compat-32/libdrm-32	RECIPE	2.4.134	2.4.134	1	1
compat-32/libevdev-32	RECIPE	1.13.7	1.13.7	1	1
compat-32/libevent-32	RECIPE	2.1.13	2.1.13	1	1
compat-32/libffi-32	RECIPE	3.8.0	3.8.0	1	1
compat-32/libgcrypt-32	UPDATED	1.12.2	1.12.3	1	1
compat-32/libglvnd-32	RECIPE	1.7.0	1.7.0	1	1
compat-32/libgmp-32	RECIPE	6.3.0	6.3.0	2	2
compat-32/libgpg-error-32	RECIPE	1.61	1.61	1	1
compat-32/libgudev-32	RECIPE	238	238	1	1
compat-32/libice-32	RECIPE	1.1.2	1.1.2	1	1
compat-32/libidn-32	RECIPE	1.44	1.44	1	1
compat-32/libidn133-32	RECIPE	1.33	1.33	1	1
compat-32/libidn2-32	RECIPE	2.3.8	2.3.8	1	1
compat-32/libindicator-gtk2-32	RECIPE	16.10.0	16.10.0	1	1
compat-32/libinput-32	RECIPE	1.31.3	1.31.3	1	1
compat-32/libjpeg-turbo-32	RECIPE	3.2.0	3.2.0	1	1
compat-32/libjpeg6-turbo-32	RECIPE	1.5.3	1.5.3	1	1
compat-32/libmng-32	RECIPE	2.0.3	2.0.3	1	1
compat-32/libndp-32	RECIPE	1.9	1.9	1	1
compat-32/libnewt-32	RECIPE	0.52.25	0.52.25	1	1
compat-32/libnl-32	RECIPE	3.12.0	3.12.0	1	1
compat-32/libnm-32	UPDATED	1.48.10	1.58.1	1	1
compat-32/libogg-32	RECIPE	1.3.6	1.3.6	1	1
compat-32/libpcap-32	UPDATED	1.10.6	1.10.7	1	1
compat-32/libpciaccess-32	RECIPE	0.19	0.19	2	2
compat-32/libpcre-32	RECIPE	8.45	8.45	1	1
compat-32/libpcre2-32	RECIPE	10.48	10.48	1	1
compat-32/libpng-32	RECIPE	1.6.58	1.6.58	1	1
compat-32/libpng12-32	RECIPE	1.2.59	1.2.59	1	1
compat-32/libpsl-32	RECIPE	0.23.3	0.23.3	2	2
compat-32/libpthread-stubs-32	RECIPE	0.5	0.5	1	1
compat-32/libsamplerate-32	RECIPE	0.2.2	0.2.2	1	1
compat-32/libsdl-32	RECIPE	1.2.15	1.2.15	2	2
compat-32/libsdl2-32	RECIPE	2.32.10	2.32.10	1	1
compat-32/libsndfile-32	RECIPE	1.2.2	1.2.2	1	1
compat-32/libtasn1-32	RECIPE	4.21.0	4.21.0	1	1
compat-32/libtheora-32	RECIPE	1.2.0	1.2.0	1	1
compat-32/libtiff-32	RECIPE	4.7.2	4.7.2	1	1
compat-32/libtiff4-32	RECIPE	3.9.7	3.9.7	1	1
compat-32/libtirpc-32	RECIPE	1.3.7	1.3.7	1	1
compat-32/libtool-32	RECIPE	2.6.2	2.6.2	1	1
compat-32/libudev0-shim-32	RECIPE	2	2	1	1
compat-32/libunistring-32	RECIPE	1.4.2	1.4.2	1	1
compat-32/libunwind-32	RECIPE	1.8.3	1.8.3	1	1
compat-32/libusb-32	RECIPE	1.0.30	1.0.30	1	1
compat-32/libva-32	RECIPE	2.24.1	2.24.1	1	1
compat-32/libvdpau-32	RECIPE	1.5	1.5	1	1
compat-32/libvisual-32	RECIPE	0.4.2	0.4.2	1	1
compat-32/libvorbis-32	RECIPE	1.3.7	1.3.7	1	1
compat-32/libwebp-32	RECIPE	1.6.0	1.6.0	1	1
compat-32/libxcb-32	RECIPE	1.17.0	1.17.0	1	1
compat-32/libxkbfile-32	RECIPE	1.2.0	1.2.0	1	1
compat-32/libxml2-32	RECIPE	2.15.4	2.15.4	2	2
compat-32/libxshmfence-32	RECIPE	1.3.3	1.3.3	1	1
compat-32/libxslt-32	RECIPE	1.1.45	1.1.45	1	1
compat-32/llvm-32	UPDATED	23.1.0	23.1.1	1	1
compat-32/mesa-32	RECIPE	26.2.2	26.2.2	1	1
compat-32/mesa-demos-32	RECIPE	9.0.0	9.0.0	1	1
compat-32/mpg123-32	RECIPE	1.33.7	1.33.7	1	1
compat-32/mtdev-32	RECIPE	1.1.7	1.1.7	1	1
compat-32/ncurses-32	RECIPE	6.6	6.6	3	3
compat-32/nettle-32	RECIPE	4.0	4.0	1	1
compat-32/nspr-32	RECIPE	4.40	4.40	1	1
compat-32/nss-32	UPDATED	3.127	3.128	1	1
compat-32/nvidia-32	RECIPE	595.99.02	595.99.02	1	1
compat-32/nvidia-fb-32	UPDATED	560.35.03	595.99.02	1	1
compat-32/openal-32	RECIPE	1.25.2	1.25.2	1	1
compat-32/openldap-32	UPDATED	2.7.0	2.7.1	1	1
compat-32/openssl-32	RECIPE	4.0.2	4.0.2	1	1
compat-32/openssl11-32	RECIPE	1.1.1w	1.1.1w	1	1
compat-32/opus-32	RECIPE	1.6.1	1.6.1	1	1
compat-32/orc-32	RECIPE	0.4.43	0.4.43	1	1
compat-32/p11-kit-32	RECIPE	0.26.5	0.26.5	1	1
compat-32/pango-32	RECIPE	1.58.2	1.58.2	1	1
compat-32/pipewire-32	RECIPE	1.6.8	1.6.8	1	1
compat-32/pixman-32	RECIPE	0.46.4	0.46.4	1	1
compat-32/popt-32	RECIPE	1.19	1.19	1	1
compat-32/pulseaudio-32	RECIPE	17.0	17.0	1	1
compat-32/python-32	RECIPE	2.7.18	2.7.18	2	2
compat-32/readline-32	RECIPE	8.3	8.3	1	1
compat-32/robin-hood-hashing-32	RECIPE	3.11.5	3.11.5	1	1
compat-32/rtmpdump-32	RECIPE	2.6	2.6	4	4
compat-32/slang-32	RECIPE	2.3.3	2.3.3	1	1
compat-32/speexdsp-32	RECIPE	1.2.1	1.2.1	1	1
compat-32/spirv-tools-32	RECIPE	1.4.357.0	1.4.357.0	1	1
compat-32/sqlite3-32	RECIPE	3.53.4	3.53.4	2	2
compat-32/util-linux-32	RECIPE	2.42.3	2.42.3	1	1
compat-32/vkd3d-32	UPDATED	1.15	2.1	1	1
compat-32/volk-32	RECIPE	1.4.357.0	1.4.357.0	1	1
compat-32/vulkan-loader-32	RECIPE	1.4.357.0	1.4.357.0	1	1
compat-32/vulkan-tools-32	UPDATED	1.4.304	1.4.357.0	1	1
compat-32/vulkan-utility-libraries-32	RECIPE	1.4.357.0	1.4.357.0	1	1
compat-32/vulkan-validation-layers-32	RECIPE	1.4.357.0	1.4.357.0	1	1
compat-32/wayland-32	RECIPE	1.26.0	1.26.0	1	1
compat-32/xcb-util-32	RECIPE	0.4.1	0.4.1	1	1
compat-32/xcb-util-keysyms-32	RECIPE	0.4.1	0.4.1	1	1
compat-32/xorgproto-32	RECIPE	2025.1	2025.1	1	1
compat-32/xtrans-32	RECIPE	1.6.0	1.6.0	1	1
compat-32/xz-32	UPDATED	5.8.3	5.8.4	1	1
compat-32/zlib-32	RECIPE	1.3.2	1.3.2	1	1
compat-32/zstd-32	RECIPE	1.5.7	1.5.7	1	1
contrib/librsvg	UPDATED	2.62.3	2.63.0	3	1
core/aaa_filesystem	RELEASE	1	1	14	15
core/bfs-kernel-maintenance	RELEASE	1.0	1.0	2	3
core/ca-certificates	UPDATED	20260716	20260813	5	1
core/fuse	UPDATED	3.18.2	3.18.3	1	1
core/linux-api-headers	UPDATED	7.2.3	7.2.4	1	1
core/linux-headers	UPDATED	7.2.3	7.2.4	1	1
core/linux-lts	UPDATED	6.18.49	6.18.50	8	1
core/linux	UPDATED	7.2.3	7.2.4	3	1
core/make-ca	RELEASE	1.16.1	1.16.1	5	6
core/pkgutils	RELEASE	5.40.12	5.40.12	31	32
core/python3-certifi	RELEASE	2026.7.22	2026.7.22	1	2
core/python3-typogrify	RECIPE	2.1.0	2.1.0	1	1
core/xz	UPDATED	5.8.3	5.8.4	1	1
gnome/gnome-keyring	RELEASE	50.0	50.0	1	2
gnome/libwnck2	RELEASE	2.31.0	2.31.0	1	2
opt/cracklib-words	REMOVED	2.9.11.xz		1	
opt/discord	UPDATED	0.0.97	1.0.157	1	1
opt/firefox-bin	UPDATED	155.0	155.0.1	3	1
opt/firefox-esr	RECIPE	153.2.0esr	153.2.0esr	1	1
opt/firefox	UPDATED	155.0	155.0.1	7	1
opt/freetype2	REMOVED	2.13.2		2	
opt/ftjam	UPDATED	2.5.2	2.5.3rc2	1	1
opt/gavl	UPDATED	1.4.0	2.0.1	1	1
opt/ghostscript	UPDATED	10.07.1	10.08.0	1	1
opt/glib	UPDATED	2.88.3	2.90.0	3	1
opt/gnutls	RECIPE	3.8.13	3.8.13	1	1
opt/gpm	RECIPE	1.20.7	1.20.7	2	2
opt/gst-libav	UPDATED	1.28.6	1.28.7	2	1
opt/gst-plugins-bad	UPDATED	1.28.6	1.28.7	2	1
opt/gst-plugins-base	UPDATED	1.28.6	1.28.7	3	1
opt/gst-plugins-good	UPDATED	1.28.6	1.28.7	3	1
opt/gst-plugins-ugly	UPDATED	1.28.6	1.28.7	3	1
opt/gstreamer	UPDATED	1.28.6	1.28.7	2	1
opt/hyphen	UPDATED	2.8.8	2.8.9	1	1
opt/imlib2	UPDATED	1.12.6	1.12.7	2	1
opt/libclc	UPDATED	23.1.0	23.1.1	1	1
opt/libedit	UPDATED	20230828_3.1	20260512_3.1	1	1
opt/libgcrypt	UPDATED	1.12.2	1.12.3	2	1
opt/libksba	UPDATED	1.8.0	1.8.1	1	1
opt/libpcap	UPDATED	1.10.6	1.10.7	2	1
opt/lld	UPDATED	23.1.0	23.1.1	1	1
opt/llvm	UPDATED	23.1.0	23.1.1	1	1
opt/lua	RELEASE	5.4.9	5.4.9	1	2
opt/nodejs	UPDATED	24.20.0	24.21.0	1	1
opt/nss	UPDATED	3.127	3.128	4	1
opt/openldap	UPDATED	2.7.0	2.7.1	2	1
opt/poppler	UPDATED	26.08.0	26.09.0	4	1
opt/publicsuffix-list	UPDATED	20230812.1829.5e6ac3a	20260910	1	1
opt/qt5	RELEASE	5.15.19	5.15.19	12	13
opt/qt6	RELEASE	6.11.2	6.11.2	8	9
opt/rapidjson	UPDATED	2025.08.25	20250205.24b5e7a	1	1
opt/rust-bindgen	UPDATED	0.72.1	0.73.2	4	1
opt/rustc	RELEASE	1.98.1	1.98.1	1	2
opt/samba	UPDATED	4.24.6	4.24.7	3	1
opt/unrar	UPDATED	7.1.7	7.2.7	1	1
opt/x265	UPDATED	4.2	4.3	2	1
plasma/ark	UPDATED	26.08.0	26.08.1	2	1
plasma/attica	UPDATED	6.29.0	6.30.0	2	1
plasma/baloo	UPDATED	6.29.0	6.30.0	2	1
plasma/bluedevil	UPDATED	6.7.4	6.7.5	2	1
plasma/bluez-qt	UPDATED	6.29.0	6.30.0	2	1
plasma/breeze-gtk	UPDATED	6.7.4	6.7.5	2	1
plasma/breeze-icons	UPDATED	6.29.0	6.30.0	2	1
plasma/breeze	UPDATED	6.7.4	6.7.5	2	1
plasma/dolphin-plugins	UPDATED	26.08.0	26.08.1	2	1
plasma/dolphin	UPDATED	26.08.0	26.08.1	2	1
plasma/drkonqi	UPDATED	6.7.4	6.7.5	2	1
plasma/extra-cmake-modules	UPDATED	6.29.0	6.30.0	4	1
plasma/frameworkintegration	UPDATED	6.29.0	6.30.0	2	1
plasma/gwenview	UPDATED	26.08.0	26.08.1	2	1
plasma/k3b	UPDATED	26.08.0	26.08.1	4	1
plasma/kaccounts-integration	UPDATED	26.08.0	26.08.1	2	1
plasma/kactivitymanagerd	UPDATED	6.7.4	6.7.5	2	1
plasma/kapidox	UPDATED	6.29.0	6.30.0	3	1
plasma/karchive	UPDATED	6.29.0	6.30.0	2	1
plasma/kauth	UPDATED	6.29.0	6.30.0	3	1
plasma/kbookmarks	UPDATED	6.29.0	6.30.0	2	1
plasma/kcalendarcore	UPDATED	6.29.0	6.30.0	2	1
plasma/kcmutils	UPDATED	6.29.0	6.30.0	2	1
plasma/kcodecs	UPDATED	6.29.0	6.30.0	2	1
plasma/kcolorscheme	UPDATED	6.29.0	6.30.0	2	1
plasma/kcompletion	UPDATED	6.29.0	6.30.0	2	1
plasma/kconfig	UPDATED	6.29.0	6.30.0	2	1
plasma/kconfigwidgets	UPDATED	6.29.0	6.30.0	2	1
plasma/kcontacts	UPDATED	6.29.0	6.30.0	2	1
plasma/kcoreaddons	UPDATED	6.29.0	6.30.0	2	1
plasma/kcrash	UPDATED	6.29.0	6.30.0	2	1
plasma/kdav	UPDATED	6.29.0	6.30.0	2	1
plasma/kdbusaddons	UPDATED	6.29.0	6.30.0	2	1
plasma/kde-cli-tools	UPDATED	6.7.4	6.7.5	2	1
plasma/kde-frameworks-6	UPDATED	6.29.0	6.30.0	3	1
plasma/kde-gtk-config	UPDATED	6.7.4	6.7.5	2	1
plasma/kdeclarative	UPDATED	6.29.0	6.30.0	2	1
plasma/kdecoration	UPDATED	6.7.4	6.7.5	2	1
plasma/kded	UPDATED	6.29.0	6.30.0	2	1
plasma/kdenlive	UPDATED	26.08.0	26.08.1	2	1
plasma/kdeplasma-addons	UPDATED	6.7.4	6.7.5	3	1
plasma/kdesu	UPDATED	6.29.0	6.30.0	2	1
plasma/kdnssd	UPDATED	6.29.0	6.30.0	2	1
plasma/kdoctools	UPDATED	6.29.0	6.30.0	3	1
plasma/kfilemetadata	UPDATED	6.29.0	6.30.0	2	1
plasma/kgamma	UPDATED	6.7.4	6.7.5	2	1
plasma/kglobalaccel	UPDATED	6.29.0	6.30.0	2	1
plasma/kglobalacceld	UPDATED	6.7.4	6.7.5	2	1
plasma/kguiaddons	UPDATED	6.29.0	6.30.0	2	1
plasma/khelpcenter	UPDATED	26.08.0	26.08.1	2	1
plasma/kholidays	UPDATED	6.29.0	6.30.0	2	1
plasma/ki18n	UPDATED	6.29.0	6.30.0	2	1
plasma/kiconthemes	UPDATED	6.29.0	6.30.0	2	1
plasma/kidletime	UPDATED	6.29.0	6.30.0	2	1
plasma/kimageformats	UPDATED	6.29.0	6.30.0	3	1
plasma/kinfocenter	UPDATED	6.7.4	6.7.5	2	1
plasma/kio-extras	UPDATED	26.08.0	26.08.1	2	1
plasma/kio	UPDATED	6.29.0	6.30.0	2	1
plasma/kirigami	UPDATED	6.29.0	6.30.0	2	1
plasma/kitemmodels	UPDATED	6.29.0	6.30.0	2	1
plasma/kitemviews	UPDATED	6.29.0	6.30.0	2	1
plasma/kjobwidgets	UPDATED	6.29.0	6.30.0	2	1
plasma/kmenuedit	UPDATED	6.7.4	6.7.5	2	1
plasma/kmix	UPDATED	26.08.0	26.08.1	4	1
plasma/knewstuff	UPDATED	6.29.0	6.30.0	2	1
plasma/knighttime	UPDATED	6.7.4	6.7.5	2	1
plasma/knotifications	UPDATED	6.29.0	6.30.0	2	1
plasma/knotifyconfig	UPDATED	6.29.0	6.30.0	2	1
plasma/konsole	UPDATED	26.08.0	26.08.1	3	1
plasma/konversation	UPDATED	26.08.0	26.08.1	2	1
plasma/kpackage	UPDATED	6.29.0	6.30.0	2	1
plasma/kparts	UPDATED	6.29.0	6.30.0	2	1
plasma/kpeople	UPDATED	6.29.0	6.30.0	2	1
plasma/kpipewire	UPDATED	6.7.4	6.7.5	2	1
plasma/kplotting	UPDATED	6.29.0	6.30.0	2	1
plasma/kpty	UPDATED	6.29.0	6.30.0	2	1
plasma/kquickcharts	UPDATED	6.29.0	6.30.0	2	1
plasma/krunner	UPDATED	6.29.0	6.30.0	2	1
plasma/kscreen	UPDATED	6.7.4	6.7.5	2	1
plasma/kscreenlocker	UPDATED	6.7.4	6.7.5	3	1
plasma/kservice	UPDATED	6.29.0	6.30.0	3	1
plasma/ksshaskpass	UPDATED	6.7.4	6.7.5	2	1
plasma/kstatusnotifieritem	UPDATED	6.29.0	6.30.0	2	1
plasma/ksvg	UPDATED	6.29.0	6.30.0	2	1
plasma/ksystemstats	UPDATED	6.7.4	6.7.5	2	1
plasma/ktexteditor	UPDATED	6.29.0	6.30.0	2	1
plasma/ktexttemplate	UPDATED	6.29.0	6.30.0	2	1
plasma/ktextwidgets	UPDATED	6.29.0	6.30.0	2	1
plasma/kunitconversion	UPDATED	6.29.0	6.30.0	2	1
plasma/kuserfeedback	UPDATED	6.29.0	6.30.0	2	1
plasma/kwallet-pam	UPDATED	6.7.4	6.7.5	2	1
plasma/kwallet	UPDATED	6.29.0	6.30.0	2	1
plasma/kwayland-integration	UPDATED	6.7.4	6.7.5	2	1
plasma/kwayland	UPDATED	6.7.4	6.7.5	2	1
plasma/kwidgetsaddons	UPDATED	6.29.0	6.30.0	2	1
plasma/kwin-x11	UPDATED	6.7.4	6.7.5	2	1
plasma/kwin	UPDATED	6.7.4	6.7.5	2	1
plasma/kwindowsystem	UPDATED	6.29.0	6.30.0	2	1
plasma/kwrited	UPDATED	6.7.4	6.7.5	2	1
plasma/kxmlgui	UPDATED	6.29.0	6.30.0	2	1
plasma/layer-shell-qt	UPDATED	6.7.4	6.7.5	2	1
plasma/libkcddb	UPDATED	26.08.0	26.08.1	4	1
plasma/libkdcraw	UPDATED	26.08.0	26.08.1	2	1
plasma/libkexiv2	UPDATED	26.08.0	26.08.1	2	1
plasma/libkscreen	UPDATED	6.7.4	6.7.5	2	1
plasma/libksysguard	UPDATED	6.7.4	6.7.5	2	1
plasma/libplasma	UPDATED	6.7.4	6.7.5	2	1
plasma/milou	UPDATED	6.7.4	6.7.5	2	1
plasma/modemmanager-qt	UPDATED	6.29.0	6.30.0	2	1
plasma/networkmanager-qt	UPDATED	6.29.0	6.30.0	2	1
plasma/ocean-sound-theme	UPDATED	6.7.4	6.7.5	2	1
plasma/okular	UPDATED	26.08.0	26.08.1	2	1
plasma/oxygen-icons	UPDATED	6.29.0	6.30.0	1	1
plasma/oxygen-sounds	UPDATED	6.7.4	6.7.5	3	1
plasma/oxygen	UPDATED	6.7.4	6.7.5	2	1
plasma/plasma-activities-stats	UPDATED	6.7.4	6.7.5	2	1
plasma/plasma-activities	UPDATED	6.7.4	6.7.5	2	1
plasma/plasma-browser-integration	UPDATED	6.7.4	6.7.5	2	1
plasma/plasma-default-apps	UPDATED	26.08.0	26.08.1	2	1
plasma/plasma-desktop	UPDATED	6.7.4	6.7.5	2	1
plasma/plasma-disks	UPDATED	6.7.4	6.7.5	2	1
plasma/plasma-firewall	UPDATED	6.7.4	6.7.5	2	1
plasma/plasma-integration	UPDATED	6.7.4	6.7.5	2	1
plasma/plasma-login-manager	UPDATED	6.7.4	6.7.5	1	1
plasma/plasma-meta	UPDATED	6.7.4	6.7.5	6	1
plasma/plasma-nm	UPDATED	6.7.4	6.7.5	3	1
plasma/plasma-pa	UPDATED	6.7.4	6.7.5	2	1
plasma/plasma-systemmonitor	UPDATED	6.7.4	6.7.5	2	1
plasma/plasma-thunderbolt	UPDATED	6.7.4	6.7.5	2	1
plasma/plasma-vault	UPDATED	6.7.4	6.7.5	2	1
plasma/plasma-wayland-protocols	RELEASE	1.21.0	1.21.0	2	3
plasma/plasma-welcome	UPDATED	6.7.4	6.7.5	2	1
plasma/plasma-workspace-wallpapers	UPDATED	6.7.4	6.7.5	4	1
plasma/plasma-workspace	UPDATED	6.7.4	6.7.5	2	1
plasma/plasma5support	UPDATED	6.7.4	6.7.5	2	1
plasma/polkit-kde-agent-1	UPDATED	6.7.4	6.7.5	2	1
plasma/powerdevil	UPDATED	6.7.4	6.7.5	2	1
plasma/print-manager	UPDATED	6.7.4	6.7.5	2	1
plasma/prison	UPDATED	6.29.0	6.30.0	2	1
plasma/purpose	UPDATED	6.29.0	6.30.0	2	1
plasma/qqc2-breeze-style	UPDATED	6.7.4	6.7.5	2	1
plasma/qqc2-desktop-style	UPDATED	6.29.0	6.30.0	2	1
plasma/sddm-kcm	UPDATED	6.7.4	6.7.5	2	1
plasma/sddm	RELEASE	0.21.0	0.21.0	3	4
plasma/solid	UPDATED	6.29.0	6.30.0	2	1
plasma/sonnet	UPDATED	6.29.0	6.30.0	2	1
plasma/syndication	UPDATED	6.29.0	6.30.0	2	1
plasma/syntax-highlighting	UPDATED	6.29.0	6.30.0	2	1
plasma/systemsettings	UPDATED	6.7.4	6.7.5	2	1
plasma/threadweaver	UPDATED	6.29.0	6.30.0	2	1
plasma/xdg-desktop-portal-kde	UPDATED	6.7.4	6.7.5	2	1
xfce/xfce4-panel	RELEASE	4.20.8	4.20.8	3	4
