status	port	current	latest	provider	reason	source
FETCH-ERROR	xorg/bdftopcf	1.1.2		source	curl: (28) Resolving timed out after 3000 milliseconds	https://xorg.freedesktop.org/archive/individual/util/bdftopcf-1.1.2.tar.xz
FETCH-ERROR	xorg/fontconfig	2.18.3		source	curl: (28) Resolving timed out after 3000 milliseconds	https://ftp2.osuosl.org/pub/blfs/conglomeration/fontconfig/fontconfig-2.18.3.tar.xz
FETCH-ERROR	xorg/glew	2.3.1		source	curl: (28) Resolving timed out after 3000 milliseconds	https://downloads.sourceforge.net/project/glew/glew/2.3.1/glew-2.3.1.tgz
FETCH-ERROR	xorg/glu	9.0.3		source	curl: (28) Resolving timed out after 3000 milliseconds	https://mesa.freedesktop.org/archive/glu/glu-9.0.3.tar.xz
FETCH-ERROR	xorg/iceauth	1.0.11		source	curl: (28) Resolving timed out after 3001 milliseconds	https://xorg.freedesktop.org/archive/individual/app/iceauth-1.0.11.tar.xz
FETCH-ERROR	xorg/libFS	1.0.10		source	curl: (28) Resolving timed out after 3000 milliseconds	https://xorg.freedesktop.org/archive/individual/lib/libFS-1.0.10.tar.xz
FETCH-ERROR	xorg/libICE	1.1.2		source	curl: (28) Resolving timed out after 3001 milliseconds	https://xorg.freedesktop.org/archive/individual/lib/libICE-1.1.2.tar.xz
FETCH-ERROR	xorg/libSM	1.2.6		source	curl: (28) Resolving timed out after 3001 milliseconds	https://xorg.freedesktop.org/archive/individual/lib/libSM-1.2.6.tar.xz
FETCH-ERROR	xorg/libX11	1.8.13		source	curl: (28) Resolving timed out after 3000 milliseconds	https://xorg.freedesktop.org/archive/individual/lib/libX11-1.8.13.tar.xz
FETCH-ERROR	xorg/libXScrnSaver	1.2.5		source	curl: (28) Resolving timed out after 3001 milliseconds	https://xorg.freedesktop.org/archive/individual/lib/libXScrnSaver-1.2.5.tar.xz
FETCH-ERROR	xorg/libXau	1.0.12		source	curl: (28) Resolving timed out after 3000 milliseconds	https://xorg.freedesktop.org/archive/individual/lib/libXau-1.0.12.tar.xz
FETCH-ERROR	xorg/libXaw	1.0.16		source	curl: (28) Resolving timed out after 3001 milliseconds	https://xorg.freedesktop.org/archive/individual/lib/libXaw-1.0.16.tar.xz
FETCH-ERROR	xorg/libXcomposite	0.4.7		source	curl: (28) Resolving timed out after 3000 milliseconds	https://xorg.freedesktop.org/archive/individual/lib/libXcomposite-0.4.7.tar.xz
FETCH-ERROR	xorg/libXcursor	1.2.3		source	curl: (28) Resolving timed out after 3001 milliseconds	https://xorg.freedesktop.org/archive/individual/lib/libXcursor-1.2.3.tar.xz
FETCH-ERROR	xorg/libXdamage	1.1.7		source	curl: (28) Resolving timed out after 3000 milliseconds	https://xorg.freedesktop.org/archive/individual/lib/libXdamage-1.1.7.tar.xz
FETCH-ERROR	xorg/libXdmcp	1.1.5		source	curl: (28) Resolving timed out after 3000 milliseconds	https://xorg.freedesktop.org/archive/individual/lib/libXdmcp-1.1.5.tar.xz
FETCH-ERROR	xorg/libXext	1.3.7		source	curl: (28) Resolving timed out after 3001 milliseconds	https://xorg.freedesktop.org/archive/individual/lib/libXext-1.3.7.tar.xz
FETCH-ERROR	xorg/libXfixes	6.0.2		source	curl: (28) Resolving timed out after 3000 milliseconds	https://xorg.freedesktop.org/archive/individual/lib/libXfixes-6.0.2.tar.xz
FETCH-ERROR	xorg/libXfont2	2.0.9		source	curl: (28) Resolving timed out after 3001 milliseconds	https://xorg.freedesktop.org/archive/individual/lib/libXfont2-2.0.9.tar.xz
FETCH-ERROR	xorg/libXft	2.3.9		source	curl: (28) Resolving timed out after 3001 milliseconds	https://xorg.freedesktop.org/archive/individual/lib/libXft-2.3.9.tar.xz
FETCH-ERROR	xorg/libXi	1.8.3		source	curl: (28) Resolving timed out after 3000 milliseconds	https://xorg.freedesktop.org/archive/individual/lib/libXi-1.8.3.tar.xz
FETCH-ERROR	xorg/libXinerama	1.1.6		source	curl: (28) Resolving timed out after 3001 milliseconds	https://xorg.freedesktop.org/archive/individual/lib/libXinerama-1.1.6.tar.xz
FETCH-ERROR	xorg/libXmu	1.3.1		source	curl: (28) Resolving timed out after 3000 milliseconds	https://xorg.freedesktop.org/archive/individual/lib/libXmu-1.3.1.tar.xz
FETCH-ERROR	xorg/libXpm	3.5.19		source	curl: (28) Resolving timed out after 3000 milliseconds	https://xorg.freedesktop.org/archive/individual/lib/libXpm-3.5.19.tar.xz
FETCH-ERROR	xorg/libXpresent	1.0.2		source	curl: (28) Resolving timed out after 3000 milliseconds	https://xorg.freedesktop.org/archive/individual/lib/libXpresent-1.0.2.tar.xz
FETCH-ERROR	xorg/libXrandr	1.5.5		source	curl: (28) Resolving timed out after 3000 milliseconds	https://xorg.freedesktop.org/archive/individual/lib/libXrandr-1.5.5.tar.xz
FETCH-ERROR	xorg/libXrender	0.9.12		source	curl: (28) Resolving timed out after 3000 milliseconds	https://xorg.freedesktop.org/archive/individual/lib/libXrender-0.9.12.tar.xz
FETCH-ERROR	xorg/libXres	1.2.3		source	curl: (28) Resolving timed out after 3000 milliseconds	https://xorg.freedesktop.org/archive/individual/lib/libXres-1.2.3.tar.xz
FETCH-ERROR	xorg/libXt	1.3.1		source	curl: (28) Resolving timed out after 3000 milliseconds	https://xorg.freedesktop.org/archive/individual/lib/libXt-1.3.1.tar.xz
FETCH-ERROR	xorg/libXtst	1.2.5		source	curl: (28) Resolving timed out after 3000 milliseconds	https://xorg.freedesktop.org/archive/individual/lib/libXtst-1.2.5.tar.xz
FETCH-ERROR	xorg/libXv	1.0.13		source	curl: (28) Resolving timed out after 3001 milliseconds	https://xorg.freedesktop.org/archive/individual/lib/libXv-1.0.13.tar.xz
FETCH-ERROR	xorg/libXvMC	1.0.15		source	curl: (28) Resolving timed out after 3000 milliseconds	https://xorg.freedesktop.org/archive/individual/lib/libXvMC-1.0.15.tar.xz
FETCH-ERROR	xorg/libXxf86dga	1.1.7		source	curl: (28) Resolving timed out after 3000 milliseconds	https://xorg.freedesktop.org/archive/individual/lib/libXxf86dga-1.1.7.tar.xz
FETCH-ERROR	xorg/libXxf86vm	1.1.7		source	curl: (28) Resolving timed out after 3001 milliseconds	https://xorg.freedesktop.org/archive/individual/lib/libXxf86vm-1.1.7.tar.xz
FETCH-ERROR	xorg/libdrm	2.4.134		source	curl: (28) Resolving timed out after 3000 milliseconds	https://ftp.debian.org/debian/pool/main/libd/libdrm/libdrm_2.4.134.orig.tar.xz
FETCH-ERROR	xorg/libepoxy	1.5.10		source	curl: (28) Resolving timed out after 3000 milliseconds	https://github.com/anholt/libepoxy/archive/1.5.10/libepoxy-1.5.10.tar.gz
FETCH-ERROR	xorg/libevdev	1.13.7		source	curl: (28) Resolving timed out after 3000 milliseconds	https://www.freedesktop.org/software/libevdev/libevdev-1.13.7.tar.xz
FETCH-ERROR	xorg/libfontenc	1.1.9		source	curl: (28) Resolving timed out after 3000 milliseconds	https://xorg.freedesktop.org/archive/individual/lib/libfontenc-1.1.9.tar.xz
FETCH-ERROR	xorg/libglvnd	1.7.0		source	curl: (28) Resolving timed out after 3000 milliseconds	https://github.com/NVIDIA/libglvnd/archive/v1.7.0/libglvnd-1.7.0.tar.gz
FETCH-ERROR	xorg/libinput	1.31.3		source	curl: (28) Resolving timed out after 3000 milliseconds	https://gitlab.freedesktop.org/libinput/libinput/-/archive/1.31.3/libinput-1.31.3.tar.bz2
FETCH-ERROR	xorg/libpciaccess	0.19		source	curl: (28) Resolving timed out after 3000 milliseconds	https://xorg.freedesktop.org/archive/individual/lib/libpciaccess-0.19.tar.xz
FETCH-ERROR	xorg/libpthread-stubs	0.5		source	curl: (28) Resolving timed out after 3000 milliseconds	https://xorg.freedesktop.org/archive/individual/lib/libpthread-stubs-0.5.tar.xz
FETCH-ERROR	xorg/libunwind	1.8.3		source	curl: (28) Resolving timed out after 3001 milliseconds	https://github.com/libunwind/libunwind/releases/download/v1.8.3/libunwind-1.8.3.tar.gz
FETCH-ERROR	xorg/libva	2.24.1		source	curl: (28) Resolving timed out after 3001 milliseconds	https://github.com/intel/libva/archive/2.24.1/libva-2.24.1.tar.gz
FETCH-ERROR	xorg/libvdpau	1.5		source	curl: (28) Resolving timed out after 3001 milliseconds	https://gitlab.freedesktop.org/vdpau/libvdpau/-/archive/1.5//libvdpau-1.5.tar.bz2
FETCH-ERROR	xorg/libvdpau-va-gl	0.4.2		source	curl: (28) Resolving timed out after 3001 milliseconds	https://github.com/i-rinat/libvdpau-va-gl/archive/v0.4.2/libvdpau-va-gl-0.4.2.tar.gz
FETCH-ERROR	xorg/libxcb	1.17.0		source	curl: (28) Resolving timed out after 3000 milliseconds	https://xorg.freedesktop.org/archive/individual/lib/libxcb-1.17.0.tar.xz
FETCH-ERROR	xorg/libxcvt	0.1.3		source	curl: (28) Resolving timed out after 3000 milliseconds	https://xorg.freedesktop.org/archive/individual/lib/libxcvt-0.1.3.tar.xz
FETCH-ERROR	xorg/libxkbcommon	1.13.2		source	curl: (28) Resolving timed out after 3000 milliseconds	https://github.com/xkbcommon/libxkbcommon/archive/xkbcommon-1.13.2.tar.gz
FETCH-ERROR	xorg/libxkbfile	1.2.0		source	curl: (28) Resolving timed out after 3000 milliseconds	https://xorg.freedesktop.org/archive/individual/lib/libxkbfile-1.2.0.tar.xz
FETCH-ERROR	xorg/libxshmfence	1.3.3		source	curl: (28) Resolving timed out after 3000 milliseconds	https://xorg.freedesktop.org/archive/individual/lib/libxshmfence-1.3.3.tar.xz
FETCH-ERROR	xorg/luit	20250912		source	curl: (28) Resolving timed out after 3000 milliseconds	https://invisible-mirror.net/archives/luit/luit-20250912.tgz
FETCH-ERROR	xorg/mesa	26.2.3		source	curl: (28) Resolving timed out after 3000 milliseconds	https://archive.mesa3d.org/mesa-26.2.3.tar.xz
FETCH-ERROR	xorg/mesa-demos	9.0.0		source	curl: (28) Resolving timed out after 3001 milliseconds	https://archive.mesa3d.org/demos/mesa-demos-9.0.0.tar.xz
FETCH-ERROR	xorg/mkfontscale	1.2.4		source	curl: (28) Resolving timed out after 3001 milliseconds	https://xorg.freedesktop.org/archive/individual/app/mkfontscale-1.2.4.tar.xz
FETCH-ERROR	xorg/mtdev	1.1.7		source	curl: (28) Resolving timed out after 3000 milliseconds	https://launchpad.net/mtdev/trunk/1.1.7/+download/mtdev-1.1.7.tar.gz
FETCH-ERROR	xorg/pixman	0.46.4		source	curl: (28) Resolving timed out after 3001 milliseconds	https://xorg.freedesktop.org/archive/individual/lib/pixman-0.46.4.tar.xz
FETCH-ERROR	xorg/sessreg	1.1.4		source	curl: (28) Resolving timed out after 3001 milliseconds	https://xorg.freedesktop.org/archive/individual/app/sessreg-1.1.4.tar.xz
FETCH-ERROR	xorg/setxkbmap	1.3.5		source	curl: (28) Resolving timed out after 3000 milliseconds	https://xorg.freedesktop.org/archive/individual/app/setxkbmap-1.3.5.tar.xz
FETCH-ERROR	xorg/smproxy	1.0.8		source	curl: (28) Resolving timed out after 3002 milliseconds	https://xorg.freedesktop.org/archive/individual/app/smproxy-1.0.8.tar.xz
FETCH-ERROR	xorg/twm	1.0.13.1		source	curl: (28) Resolving timed out after 3000 milliseconds	https://mirror.freedif.org/pub/blfs/conglomeration/Xorg/twm-1.0.13.1.tar.xz
FETCH-ERROR	xorg/util-macros	1.20.2		source	curl: (28) Resolving timed out after 3000 milliseconds	https://xorg.freedesktop.org/archive/individual/util/util-macros-1.20.2.tar.xz
FETCH-ERROR	xorg/wayland	1.26.0		source	curl: (28) Resolving timed out after 3008 milliseconds	https://gitlab.freedesktop.org/wayland/wayland/-/releases/1.26.0/downloads/wayland-1.26.0.tar.xz
FETCH-ERROR	xorg/wayland-protocols	1.49		source	curl: (28) Resolving timed out after 3001 milliseconds	https://gitlab.freedesktop.org/wayland/wayland-protocols/-/releases/1.49/downloads/wayland-protocols-1.49.tar.xz
FETCH-ERROR	xorg/x11perf	1.7.0		source	curl: (28) Resolving timed out after 3001 milliseconds	https://xorg.freedesktop.org/archive/individual/test/x11perf-1.7.0.tar.xz
FETCH-ERROR	xorg/xauth	1.1.5		source	curl: (28) Resolving timed out after 3000 milliseconds	https://xorg.freedesktop.org/archive/individual/app/xauth-1.1.5.tar.xz
FETCH-ERROR	xorg/xbacklight	1.2.4		source	curl: (28) Resolving timed out after 3000 milliseconds	https://xorg.freedesktop.org/archive/individual/app/xbacklight-1.2.4.tar.xz
FETCH-ERROR	xorg/xbitmaps	1.1.4		source	curl: (28) Resolving timed out after 3000 milliseconds	https://xorg.freedesktop.org/archive/individual/data/xbitmaps-1.1.4.tar.xz
FETCH-ERROR	xorg/xcb-proto	1.17.0		source	curl: (28) Resolving timed out after 3001 milliseconds	https://xorg.freedesktop.org/archive/individual/proto/xcb-proto-1.17.0.tar.xz
FETCH-ERROR	xorg/xcb-util	0.4.1		source	curl: (28) Resolving timed out after 3000 milliseconds	https://xorg.freedesktop.org/archive/individual/lib/xcb-util-0.4.1.tar.xz
FETCH-ERROR	xorg/xcb-util-cursor	0.1.6		source	curl: (28) Resolving timed out after 3001 milliseconds	https://xcb.freedesktop.org/dist/xcb-util-cursor-0.1.6.tar.xz
FETCH-ERROR	xorg/xcb-util-image	0.4.1		source	curl: (28) Resolving timed out after 3001 milliseconds	https://xcb.freedesktop.org/dist/xcb-util-image-0.4.1.tar.xz
FETCH-ERROR	xorg/xcb-util-keysyms	0.4.1		source	curl: (28) Resolving timed out after 3000 milliseconds	https://xcb.freedesktop.org/dist/xcb-util-keysyms-0.4.1.tar.xz
FETCH-ERROR	xorg/xcb-util-renderutil	0.3.10		source	curl: (28) Resolving timed out after 3001 milliseconds	https://xcb.freedesktop.org/dist/xcb-util-renderutil-0.3.10.tar.xz
FETCH-ERROR	xorg/xcb-util-wm	0.4.2		source	curl: (28) Resolving timed out after 3001 milliseconds	https://xcb.freedesktop.org/dist/xcb-util-wm-0.4.2.tar.xz
FETCH-ERROR	xorg/xclip	0.13		source	curl: (28) Resolving timed out after 3004 milliseconds	https://github.com/astrand/xclip/archive/0.13/xclip-0.13.tar.gz
FETCH-ERROR	xorg/xclock	1.2.1		source	curl: (28) Resolving timed out after 3000 milliseconds	https://mirror.freedif.org/pub/blfs/conglomeration/Xorg/xclock-1.2.1.tar.xz
FETCH-ERROR	xorg/xcmsdb	1.0.7		source	curl: (28) Resolving timed out after 3000 milliseconds	https://xorg.freedesktop.org/archive/individual/app/xcmsdb-1.0.7.tar.xz
FETCH-ERROR	xorg/xcursor-themes	1.0.7		source	curl: (28) Resolving timed out after 3000 milliseconds	https://xorg.freedesktop.org/archive/individual/data/xcursor-themes-1.0.7.tar.xz
FETCH-ERROR	xorg/xcursorgen	1.0.9		source	curl: (28) Resolving timed out after 3000 milliseconds	https://xorg.freedesktop.org/archive/individual/app/xcursorgen-1.0.9.tar.xz
FETCH-ERROR	xorg/xdg-utils	v1.2.1		source	curl: (28) Resolving timed out after 3000 milliseconds	https://gitlab.freedesktop.org/xdg/xdg-utils/-/archive/v1.2.1/xdg-utils-v1.2.1.tar.gz
FETCH-ERROR	xorg/xdpyinfo	1.4.0		source	curl: (28) Resolving timed out after 3000 milliseconds	https://xorg.freedesktop.org/archive/individual/app/xdpyinfo-1.4.0.tar.xz
FETCH-ERROR	xorg/xdriinfo	1.0.8		source	curl: (28) Resolving timed out after 3003 milliseconds	https://xorg.freedesktop.org/archive/individual/app/xdriinfo-1.0.8.tar.xz
FETCH-ERROR	xorg/xev	1.2.7		source	curl: (28) Resolving timed out after 3000 milliseconds	https://xorg.freedesktop.org/archive/individual/app/xev-1.2.7.tar.xz
FETCH-ERROR	xorg/xf86-input-elographics	1.4.4		source	curl: (28) Resolving timed out after 3000 milliseconds	https://xorg.freedesktop.org/archive/individual/driver/xf86-input-elographics-1.4.4.tar.xz
FETCH-ERROR	xorg/xf86-input-evdev	2.11.0		source	curl: (28) Resolving timed out after 3000 milliseconds	https://xorg.freedesktop.org/archive/individual/driver/xf86-input-evdev-2.11.0.tar.gz
FETCH-ERROR	xorg/xf86-input-joystick	1.6.4		source	curl: (28) Resolving timed out after 3000 milliseconds	https://xorg.freedesktop.org/archive/individual/driver/xf86-input-joystick-1.6.4.tar.xz
FETCH-ERROR	xorg/xf86-input-libinput	1.5.0		source	curl: (28) Resolving timed out after 3000 milliseconds	https://xorg.freedesktop.org/archive/individual/driver/xf86-input-libinput-1.5.0.tar.xz
FETCH-ERROR	xorg/xf86-input-synaptics	1.10.0		source	curl: (28) Resolving timed out after 3000 milliseconds	https://xorg.freedesktop.org/archive/individual/driver/xf86-input-synaptics-1.10.0.tar.xz
FETCH-ERROR	xorg/xf86-input-vmmouse	13.2.0		source	curl: (28) Resolving timed out after 3000 milliseconds	https://xorg.freedesktop.org/archive/individual/driver/xf86-input-vmmouse-13.2.0.tar.xz
FETCH-ERROR	xorg/xf86-input-wacom	1.2.4		source	curl: (28) Resolving timed out after 3000 milliseconds	https://github.com/linuxwacom/xf86-input-wacom/releases/download/xf86-input-wacom-1.2.4/xf86-input-wacom-1.2.4.tar.bz2
FETCH-ERROR	xorg/xf86-video-amdgpu	25.0.0		source	curl: (28) Resolving timed out after 3001 milliseconds	https://xorg.freedesktop.org/archive/individual/driver/xf86-video-amdgpu-25.0.0.tar.xz
FETCH-ERROR	xorg/xf86-video-ast	1.2.1		source	curl: (28) Resolving timed out after 3000 milliseconds	https://xorg.freedesktop.org/archive/individual/driver/xf86-video-ast-1.2.1.tar.xz
FETCH-ERROR	xorg/xf86-video-ati	22.0.0		source	curl: (28) Resolving timed out after 3000 milliseconds	https://xorg.freedesktop.org/archive/individual/driver/xf86-video-ati-22.0.0.tar.xz
FETCH-ERROR	xorg/xf86-video-cirrus	1.6.0		source	curl: (28) Resolving timed out after 3000 milliseconds	https://xorg.freedesktop.org/archive/individual/driver/xf86-video-cirrus-1.6.0.tar.xz
FETCH-ERROR	xorg/xf86-video-dummy	0.4.1		source	curl: (28) Resolving timed out after 3000 milliseconds	https://xorg.freedesktop.org/archive/individual/driver/xf86-video-dummy-0.4.1.tar.xz
FETCH-ERROR	xorg/xf86-video-fbdev	0.5.1		source	curl: (28) Resolving timed out after 3000 milliseconds	https://xorg.freedesktop.org/archive/individual/driver/xf86-video-fbdev-0.5.1.tar.xz
FETCH-ERROR	xorg/xf86-video-intel	2.99.917-931		source	curl: (28) Resolving timed out after 3000 milliseconds	https://crux.nu/files/distfiles/xf86-video-intel-2.99.917-931.tar.xz
FETCH-ERROR	xorg/xf86-video-mga	2.1.0		source	curl: (28) Resolving timed out after 3000 milliseconds	https://xorg.freedesktop.org/archive/individual/driver/xf86-video-mga-2.1.0.tar.xz
FETCH-ERROR	xorg/xf86-video-neomagic	1.3.1		source	curl: (28) Resolving timed out after 3000 milliseconds	https://xorg.freedesktop.org/archive/individual/driver/xf86-video-neomagic-1.3.1.tar.xz
FETCH-ERROR	xorg/xf86-video-nouveau	1.0.18		source	curl: (28) Resolving timed out after 3000 milliseconds	https://xorg.freedesktop.org/archive/individual/driver/xf86-video-nouveau-1.0.18.tar.xz
FETCH-ERROR	xorg/xf86-video-openchrome	0.6.0		source	curl: (28) Resolving timed out after 3001 milliseconds	https://xorg.freedesktop.org/archive/individual/driver/xf86-video-openchrome-0.6.0.tar.bz2
FETCH-ERROR	xorg/xf86-video-siliconmotion	1.7.9		source	curl: (28) Resolving timed out after 3000 milliseconds	https://xorg.freedesktop.org/archive/individual/driver/xf86-video-siliconmotion-1.7.9.tar.bz2
FETCH-ERROR	xorg/xf86-video-sis	0.12.0		source	curl: (28) Resolving timed out after 3000 milliseconds	https://xorg.freedesktop.org/archive/individual/driver/xf86-video-sis-0.12.0.tar.bz2
FETCH-ERROR	xorg/xf86-video-vboxvideo	1.0.0		source	curl: (28) Resolving timed out after 3001 milliseconds	https://xorg.freedesktop.org/archive/individual/driver/xf86-video-vboxvideo-1.0.0.tar.bz2
FETCH-ERROR	xorg/xf86-video-vesa	2.6.0		source	curl: (28) Resolving timed out after 3000 milliseconds	https://xorg.freedesktop.org/archive/individual/driver/xf86-video-vesa-2.6.0.tar.xz
FETCH-ERROR	xorg/xf86-video-vmware	13.4.0		source	curl: (28) Resolving timed out after 3000 milliseconds	https://xorg.freedesktop.org/archive/individual/driver/xf86-video-vmware-13.4.0.tar.xz
FETCH-ERROR	xorg/xgamma	1.0.8		source	curl: (28) Resolving timed out after 3000 milliseconds	https://xorg.freedesktop.org/archive/individual/app/xgamma-1.0.8.tar.xz
FETCH-ERROR	xorg/xhost	1.0.10		source	curl: (28) Resolving timed out after 3000 milliseconds	https://xorg.freedesktop.org/archive/individual/app/xhost-1.0.10.tar.xz
FETCH-ERROR	xorg/xinit	1.4.4		source	curl: (28) Resolving timed out after 3000 milliseconds	https://xorg.freedesktop.org/archive/individual/app/xinit-1.4.4.tar.xz
FETCH-ERROR	xorg/xinput	1.6.4		source	curl: (28) Resolving timed out after 3000 milliseconds	https://xorg.freedesktop.org/archive/individual/app/xinput-1.6.4.tar.xz
FETCH-ERROR	xorg/xkbcomp	1.5.0		source	curl: (28) Resolving timed out after 3000 milliseconds	https://xorg.freedesktop.org/archive/individual/app/xkbcomp-1.5.0.tar.xz
FETCH-ERROR	xorg/xkbevd	1.1.6		source	curl: (28) Resolving timed out after 3000 milliseconds	https://xorg.freedesktop.org/archive/individual/app/xkbevd-1.1.6.tar.xz
FETCH-ERROR	xorg/xkbutils	1.0.7		source	curl: (28) Resolving timed out after 3000 milliseconds	https://xorg.freedesktop.org/archive/individual/app/xkbutils-1.0.7.tar.xz
FETCH-ERROR	xorg/xkeyboard-config	2.48		source	curl: (28) Resolving timed out after 3001 milliseconds	https://xorg.freedesktop.org/archive/individual/data/xkeyboard-config/xkeyboard-config-2.48.tar.xz
FETCH-ERROR	xorg/xkill	1.0.7		source	curl: (28) Resolving timed out after 3001 milliseconds	https://xorg.freedesktop.org/archive/individual/app/xkill-1.0.7.tar.xz
FETCH-ERROR	xorg/xlsatoms	1.1.5		source	curl: (28) Resolving timed out after 3001 milliseconds	https://xorg.freedesktop.org/archive/individual/app/xlsatoms-1.1.5.tar.xz
FETCH-ERROR	xorg/xlsclients	1.1.6		source	curl: (28) Resolving timed out after 3000 milliseconds	https://xorg.freedesktop.org/archive/individual/app/xlsclients-1.1.6.tar.xz
FETCH-ERROR	xorg/xmessage	1.0.7		source	curl: (28) Resolving timed out after 3000 milliseconds	https://xorg.freedesktop.org/archive/individual/app/xmessage-1.0.7.tar.xz
FETCH-ERROR	xorg/xmodmap	1.0.12		source	curl: (28) Resolving timed out after 3001 milliseconds	https://xorg.freedesktop.org/archive/individual/app/xmodmap-1.0.12.tar.xz
SKIP	xorg/xorg	7x			local/meta port: no remote source	
SKIP	xorg/xorg-apps	7x			local/meta port: no remote source	
SKIP	xorg/xorg-driver	7x			local/meta port: no remote source	
FETCH-ERROR	xorg/xorg-font-adobe-100dpi	1.0.4		source	curl: (28) Resolving timed out after 3000 milliseconds	https://xorg.freedesktop.org/archive/individual/font/font-adobe-100dpi-1.0.4.tar.xz
FETCH-ERROR	xorg/xorg-font-adobe-75dpi	1.0.4		source	curl: (28) Resolving timed out after 3001 milliseconds	https://xorg.freedesktop.org/archive/individual/font/font-adobe-75dpi-1.0.4.tar.xz
FETCH-ERROR	xorg/xorg-font-adobe-utopia-100dpi	1.0.5		source	curl: (28) Resolving timed out after 3001 milliseconds	https://xorg.freedesktop.org/archive/individual/font/font-adobe-utopia-100dpi-1.0.5.tar.xz
FETCH-ERROR	xorg/xorg-font-adobe-utopia-75dpi	1.0.5		source	curl: (28) Resolving timed out after 3000 milliseconds	https://xorg.freedesktop.org/archive/individual/font/font-adobe-utopia-75dpi-1.0.5.tar.xz
FETCH-ERROR	xorg/xorg-font-adobe-utopia-type1	1.0.5		source	curl: (28) Resolving timed out after 3000 milliseconds	https://xorg.freedesktop.org/archive/individual/font/font-adobe-utopia-type1-1.0.5.tar.xz
FETCH-ERROR	xorg/xorg-font-alias	1.0.6		source	curl: (28) Resolving timed out after 3000 milliseconds	https://xorg.freedesktop.org/archive/individual/font/font-alias-1.0.6.tar.bz2
FETCH-ERROR	xorg/xorg-font-arabic-misc	1.0.4		source	curl: (28) Resolving timed out after 3000 milliseconds	https://xorg.freedesktop.org/archive/individual/font/font-arabic-misc-1.0.4.tar.xz
FETCH-ERROR	xorg/xorg-font-bh-100dpi	1.0.4		source	curl: (28) Resolving timed out after 3000 milliseconds	https://xorg.freedesktop.org/archive/individual/font/font-bh-100dpi-1.0.4.tar.xz
FETCH-ERROR	xorg/xorg-font-bh-75dpi	1.0.4		source	curl: (28) Resolving timed out after 3001 milliseconds	https://xorg.freedesktop.org/archive/individual/font/font-bh-75dpi-1.0.4.tar.xz
FETCH-ERROR	xorg/xorg-font-bh-lucidatypewriter-100dpi	1.0.4		source	curl: (28) Resolving timed out after 3001 milliseconds	https://xorg.freedesktop.org/archive/individual/font/font-bh-lucidatypewriter-100dpi-1.0.4.tar.xz
FETCH-ERROR	xorg/xorg-font-bh-lucidatypewriter-75dpi	1.0.4		source	curl: (28) Resolving timed out after 3000 milliseconds	https://xorg.freedesktop.org/archive/individual/font/font-bh-lucidatypewriter-75dpi-1.0.4.tar.xz
FETCH-ERROR	xorg/xorg-font-bh-ttf	1.0.3		source	curl: (28) Resolving timed out after 3000 milliseconds	https://xorg.freedesktop.org/archive/individual/font/font-bh-ttf-1.0.3.tar.bz2
FETCH-ERROR	xorg/xorg-font-bh-type1	1.0.4		source	curl: (28) Resolving timed out after 3001 milliseconds	https://xorg.freedesktop.org/archive/individual/font/font-bh-type1-1.0.4.tar.xz
FETCH-ERROR	xorg/xorg-font-bitstream-100dpi	1.0.4		source	curl: (28) Resolving timed out after 3000 milliseconds	https://xorg.freedesktop.org/archive/individual/font/font-bitstream-100dpi-1.0.4.tar.xz
FETCH-ERROR	xorg/xorg-font-bitstream-75dpi	1.0.4		source	curl: (28) Resolving timed out after 3000 milliseconds	https://xorg.freedesktop.org/archive/individual/font/font-bitstream-75dpi-1.0.4.tar.xz
FETCH-ERROR	xorg/xorg-font-bitstream-type1	1.0.4		source	curl: (28) Resolving timed out after 3000 milliseconds	https://xorg.freedesktop.org/archive/individual/font/font-bitstream-type1-1.0.4.tar.xz
FETCH-ERROR	xorg/xorg-font-bitstream-vera	1.10		source	curl: (28) Resolving timed out after 3000 milliseconds	https://download.gnome.org/pub/GNOME/sources/ttf-bitstream-vera/1.10/ttf-bitstream-vera-1.10.tar.bz2
FETCH-ERROR	xorg/xorg-font-cronyx-cyrillic	1.0.4		source	curl: (28) Resolving timed out after 3000 milliseconds	https://xorg.freedesktop.org/archive/individual/font/font-cronyx-cyrillic-1.0.4.tar.xz
FETCH-ERROR	xorg/xorg-font-cursor-misc	1.0.3		source	curl: (28) Resolving timed out after 3000 milliseconds	https://xorg.freedesktop.org/archive/individual/font/font-cursor-misc-1.0.3.tar.bz2
FETCH-ERROR	xorg/xorg-font-daewoo-misc	1.0.3		source	curl: (28) Resolving timed out after 3001 milliseconds	https://xorg.freedesktop.org/archive/individual/font/font-daewoo-misc-1.0.3.tar.bz2
FETCH-ERROR	xorg/xorg-font-dec-misc	1.0.3		source	curl: (28) Resolving timed out after 3001 milliseconds	https://xorg.freedesktop.org/archive/individual/font/font-dec-misc-1.0.3.tar.bz2
FETCH-ERROR	xorg/xorg-font-dejavu-ttf	2.37		source	curl: (28) Resolving timed out after 3001 milliseconds	https://downloads.sourceforge.net/project/dejavu/dejavu/2.37/dejavu-fonts-ttf-2.37.tar.bz2
FETCH-ERROR	xorg/xorg-font-ibm-type1	1.0.4		source	curl: (28) Resolving timed out after 3000 milliseconds	https://xorg.freedesktop.org/archive/individual/font/font-ibm-type1-1.0.4.tar.xz
FETCH-ERROR	xorg/xorg-font-isas-misc	1.0.4		source	curl: (28) Resolving timed out after 3000 milliseconds	https://xorg.freedesktop.org/archive/individual/font/font-isas-misc-1.0.4.tar.xz
FETCH-ERROR	xorg/xorg-font-jis-misc	1.0.3		source	curl: (28) Resolving timed out after 3000 milliseconds	https://xorg.freedesktop.org/archive/individual/font/font-jis-misc-1.0.3.tar.bz2
FETCH-ERROR	xorg/xorg-font-micro-misc	1.0.4		source	curl: (28) Resolving timed out after 3001 milliseconds	https://xorg.freedesktop.org/archive/individual/font/font-micro-misc-1.0.4.tar.xz
FETCH-ERROR	xorg/xorg-font-misc-cyrillic	1.0.4		source	curl: (28) Resolving timed out after 3000 milliseconds	https://xorg.freedesktop.org/archive/individual/font/font-misc-cyrillic-1.0.4.tar.xz
FETCH-ERROR	xorg/xorg-font-misc-ethiopic	1.0.5		source	curl: (28) Resolving timed out after 3000 milliseconds	https://xorg.freedesktop.org/archive/individual/font/font-misc-ethiopic-1.0.5.tar.xz
FETCH-ERROR	xorg/xorg-font-misc-meltho	1.0.3		source	curl: (28) Resolving timed out after 3001 milliseconds	https://xorg.freedesktop.org/archive/individual/font/font-misc-meltho-1.0.3.tar.bz2
FETCH-ERROR	xorg/xorg-font-misc-misc	1.1.2		source	curl: (28) Resolving timed out after 3001 milliseconds	https://xorg.freedesktop.org/archive/individual/font/font-misc-misc-1.1.2.tar.bz2
FETCH-ERROR	xorg/xorg-font-mutt-misc	1.0.4		source	curl: (28) Resolving timed out after 3001 milliseconds	https://xorg.freedesktop.org/archive/individual/font/font-mutt-misc-1.0.4.tar.xz
FETCH-ERROR	xorg/xorg-font-schumacher-misc	1.1.2		source	curl: (28) Resolving timed out after 3001 milliseconds	https://xorg.freedesktop.org/archive/individual/font/font-schumacher-misc-1.1.2.tar.bz2
FETCH-ERROR	xorg/xorg-font-screen-cyrillic	1.0.5		source	curl: (28) Resolving timed out after 3000 milliseconds	https://xorg.freedesktop.org/archive/individual/font/font-screen-cyrillic-1.0.5.tar.xz
FETCH-ERROR	xorg/xorg-font-sony-misc	1.0.3		source	curl: (28) Resolving timed out after 3000 milliseconds	https://xorg.freedesktop.org/archive/individual/font/font-sony-misc-1.0.3.tar.bz2
FETCH-ERROR	xorg/xorg-font-sun-misc	1.0.3		source	curl: (28) Resolving timed out after 3001 milliseconds	https://xorg.freedesktop.org/archive/individual/font/font-sun-misc-1.0.3.tar.bz2
FETCH-ERROR	xorg/xorg-font-util	1.4.2		source	curl: (28) Resolving timed out after 3000 milliseconds	https://xorg.freedesktop.org/archive/individual/font/font-util-1.4.2.tar.xz
FETCH-ERROR	xorg/xorg-font-winitzki-cyrillic	1.0.4		source	curl: (28) Resolving timed out after 3000 milliseconds	https://xorg.freedesktop.org/archive/individual/font/font-winitzki-cyrillic-1.0.4.tar.xz
FETCH-ERROR	xorg/xorg-font-xfree86-type1	1.0.5		source	curl: (28) Resolving timed out after 3000 milliseconds	https://xorg.freedesktop.org/archive/individual/font/font-xfree86-type1-1.0.5.tar.xz
SKIP	xorg/xorg-fonts	7x			local/meta port: no remote source	
SKIP	xorg/xorg-libs	7x			local/meta port: no remote source	
FETCH-ERROR	xorg/xorg-server	21.1.24		source	curl: (28) Resolving timed out after 3000 milliseconds	https://xorg.freedesktop.org/archive/individual/xserver/xorg-server-21.1.24.tar.xz
FETCH-ERROR	xorg/xorgproto	2025.1		source	curl: (28) Resolving timed out after 3001 milliseconds	https://xorg.freedesktop.org/archive/individual/proto/xorgproto-2025.1.tar.xz
FETCH-ERROR	xorg/xpr	1.2.1		source	curl: (28) Resolving timed out after 3000 milliseconds	https://xorg.freedesktop.org/archive/individual/app/xpr-1.2.1.tar.xz
FETCH-ERROR	xorg/xprop	1.2.8		source	curl: (28) Resolving timed out after 3000 milliseconds	https://xorg.freedesktop.org/archive/individual/app/xprop-1.2.8.tar.xz
FETCH-ERROR	xorg/xrandr	1.5.4		source	curl: (28) Resolving timed out after 3000 milliseconds	https://xorg.freedesktop.org/archive/individual/app/xrandr-1.5.4.tar.xz
FETCH-ERROR	xorg/xrdb	1.2.3		source	curl: (28) Resolving timed out after 3000 milliseconds	https://xorg.freedesktop.org/archive/individual/app/xrdb-1.2.3.tar.xz
FETCH-ERROR	xorg/xrefresh	1.1.1		source	curl: (28) Resolving timed out after 3000 milliseconds	https://xorg.freedesktop.org/archive/individual/app/xrefresh-1.1.1.tar.xz
FETCH-ERROR	xorg/xscreensaver	6.15		source	curl: (28) Resolving timed out after 3000 milliseconds	https://ftp.ludd.ltu.se/pub/blfs/conglomeration/xscreensaver/xscreensaver-6.15.tar.gz
FETCH-ERROR	xorg/xset	1.2.6		source	curl: (28) Resolving timed out after 3001 milliseconds	https://xorg.freedesktop.org/archive/individual/app/xset-1.2.6.tar.xz
FETCH-ERROR	xorg/xsetroot	1.1.4		source	curl: (28) Resolving timed out after 3000 milliseconds	https://xorg.freedesktop.org/archive/individual/app/xsetroot-1.1.4.tar.xz
FETCH-ERROR	xorg/xterm	411		source	curl: (6) Could not resolve host: invisible-mirror.net	https://invisible-mirror.net/archives/xterm/xterm-411.tgz
FETCH-ERROR	xorg/xtrans	1.6.0		source	curl: (28) Resolving timed out after 3001 milliseconds	https://xorg.freedesktop.org/archive/individual/lib/xtrans-1.6.0.tar.xz
FETCH-ERROR	xorg/xvinfo	1.1.6		source	curl: (28) Resolving timed out after 3001 milliseconds	https://xorg.freedesktop.org/archive/individual/app/xvinfo-1.1.6.tar.xz
FETCH-ERROR	xorg/xwayland	24.1.13		source	curl: (28) Resolving timed out after 3001 milliseconds	https://xorg.freedesktop.org/archive/individual/xserver/xwayland-24.1.13.tar.xz
FETCH-ERROR	xorg/xwd	1.0.10		source	curl: (28) Resolving timed out after 3000 milliseconds	https://xorg.freedesktop.org/archive/individual/app/xwd-1.0.10.tar.xz
FETCH-ERROR	xorg/xwininfo	1.1.7		source	curl: (28) Resolving timed out after 3001 milliseconds	https://xorg.freedesktop.org/archive/individual/app/xwininfo-1.1.7.tar.xz
FETCH-ERROR	xorg/xwud	1.0.8		source	curl: (28) Resolving timed out after 3001 milliseconds	https://xorg.freedesktop.org/archive/individual/app/xwud-1.0.8.tar.xz
