action	Pkgfile	old_name	old_version	old_release	new_name	new_version	new_release
modified	ports/core/aaa_filesystem/Pkgfile	aaa_filesystem	1	12	aaa_filesystem	1	13
modified	ports/core/linux-lts/Pkgfile	linux-lts	6.18.49	4	linux-lts	6.18.49	5
modified	ports/core/linux/Pkgfile	linux	7.2.3	2	linux	7.2.3	3
modified	ports/core/prt-get/Pkgfile	prt-get	5.19.9	5	prt-get	5.19.9	6
modified	ports/core/vim/Pkgfile	vim	9.2.0954	1	vim	9.2.1025	1
modified	ports/gnome/SpiderMonkey/Pkgfile	SpiderMonkey	128.7.0esr.source	1	SpiderMonkey	140.15.0esr	1
modified	ports/gnome/adwaita-icon-theme/Pkgfile	adwaita-icon-theme	47.0	1	adwaita-icon-theme	50.0	1
modified	ports/gnome/baobab/Pkgfile	baobab	47.0	1	baobab	50.0	1
modified	ports/gnome/dconf-editor/Pkgfile	dconf-editor	45.0.1	1	dconf-editor	49.0	2
modified	ports/gnome/dconf/Pkgfile	dconf	0.40.0	1	dconf	0.49.0	1
modified	ports/gnome/evince/Pkgfile	evince	46.3.1	1	evince	48.4	1
modified	ports/gnome/evolution-data-server/Pkgfile	evolution-data-server	3.54.3	1	evolution-data-server	3.60.2	1
modified	ports/gnome/evolution/Pkgfile	evolution	3.54.3	1	evolution	3.60.2	1
modified	ports/gnome/file-roller/Pkgfile	file-roller	44.5	1	file-roller	44.7	1
modified	ports/gnome/gdm/Pkgfile	gdm	47.0	2	gdm	50.3	1
modified	ports/gnome/gexiv2/Pkgfile	gexiv2	0.14.3	1	gexiv2	0.16.2	1
modified	ports/gnome/gjs/Pkgfile	gjs	1.82.1	1	gjs	1.88.1	1
modified	ports/gnome/gnome-autoar/Pkgfile	gnome-autoar	0.4.5	1	gnome-autoar	0.5.0	1
modified	ports/gnome/gnome-backgrounds/Pkgfile	gnome-backgrounds	47.0	1	gnome-backgrounds	50.0	1
modified	ports/gnome/gnome-bluetooth/Pkgfile	gnome-bluetooth	47.1	1	gnome-bluetooth	47.2	1
modified	ports/gnome/gnome-calculator/Pkgfile	gnome-calculator	47.1	1	gnome-calculator	50.0	1
modified	ports/gnome/gnome-connections/Pkgfile	gnome-connections	46.0	1	gnome-connections	50.0	1
modified	ports/gnome/gnome-control-center/Pkgfile	gnome-control-center	47.4	1	gnome-control-center	50.4	1
modified	ports/gnome/gnome-desktop/Pkgfile	gnome-desktop	44.1	1	gnome-desktop	44.5	1
modified	ports/gnome/gnome-keyring/Pkgfile	gnome-keyring	46.2	1	gnome-keyring	50.0	1
modified	ports/gnome/gnome-logs/Pkgfile	gnome-logs	45.0	1	gnome-logs	50.0	1
modified	ports/gnome/gnome-maps/Pkgfile	gnome-maps	47.4	1	gnome-maps	50.4	1
modified	ports/gnome/gnome-menus/Pkgfile	gnome-menus	3.36.0	1	gnome-menus	3.38.1	1
modified	ports/gnome/gnome-online-accounts/Pkgfile	gnome-online-accounts	3.52.3.1	1	gnome-online-accounts	3.58.1	1
modified	ports/gnome/gnome-power-manager/Pkgfile	gnome-power-manager	43.0	1	gnome-power-manager	50.0	1
modified	ports/gnome/gnome-session/Pkgfile	gnome-session	47.0.1	2	gnome-session	50.1	1
modified	ports/gnome/gnome-settings-daemon/Pkgfile	gnome-settings-daemon	47.2	1	gnome-settings-daemon	50.1	1
modified	ports/gnome/gnome-shell-extensions/Pkgfile	gnome-shell-extensions	47.4	1	gnome-shell-extensions	50.3	1
modified	ports/gnome/gnome-shell/Pkgfile	gnome-shell	47.4	1	gnome-shell	50.4	1
modified	ports/gnome/gnome-system-monitor/Pkgfile	gnome-system-monitor	47.1	1	gnome-system-monitor	50.0	1
modified	ports/gnome/gnome-terminal/Pkgfile	gnome-terminal	3.52.2	1	gnome-terminal	3.60.0	1
modified	ports/gnome/gnome-tweaks/Pkgfile	gnome-tweaks	46.1	1	gnome-tweaks	49.0	1
modified	ports/gnome/gnome-user-docs/Pkgfile	gnome-user-docs	47.2	1	gnome-user-docs	50.4	1
modified	ports/gnome/gnome-weather/Pkgfile	gnome-weather	47.0	1	gnome-weather	50.0	1
modified	ports/gnome/gsettings-desktop-schemas/Pkgfile	gsettings-desktop-schemas	47.1	2	gsettings-desktop-schemas	50.1	1
modified	ports/gnome/gucharmap/Pkgfile	gucharmap	16.0.2	1	gucharmap	17.0.2	1
modified	ports/gnome/gvfs/Pkgfile	gvfs	1.56.1	3	gvfs	1.60.2	1
modified	ports/gnome/libpeas/Pkgfile	libpeas	1.36.0	1	libpeas	1.38.1	1
modified	ports/gnome/libshumate/Pkgfile	libshumate	1.3.2	1	libshumate	1.6.3	1
modified	ports/gnome/localsearch/Pkgfile	localsearch	3.8.2	1	localsearch	3.11.2	1
modified	ports/gnome/loupe/Pkgfile	loupe	49.2	1	loupe	50.0	1
modified	ports/gnome/mutter/Pkgfile	mutter	47.5	2	mutter	50.4	1
modified	ports/gnome/nautilus/Pkgfile	nautilus	47.2	1	nautilus	50.3	1
removed-duplicate	ports/gnome/rest/Pkgfile	rest	0.9.1	1			
modified	ports/gnome/showtime/Pkgfile	showtime	49.1	1	showtime	50.0	1
modified	ports/gnome/snapshot/Pkgfile	snapshot	47.1	1	snapshot	50.0	1
modified	ports/gnome/tecla/Pkgfile	tecla	47.0	1	tecla	50.0	1
modified	ports/gnome/tinysparql/Pkgfile	tinysparql	3.8.2	1	tinysparql	3.11.1	1
modified	ports/gnome/totem-pl-parser/Pkgfile	totem-pl-parser	3.26.6	1	totem-pl-parser	3.26.7	1
modified	ports/gnome/vte/Pkgfile	vte	0.78.2	1	vte	0.84.1	1
modified	ports/gnome/webkitgtk-41/Pkgfile	webkitgtk-41	2.46.6	1	webkitgtk-41	2.52.6	1
modified	ports/gnome/webkitgtk/Pkgfile	webkitgtk	2.46.6	1	webkitgtk	2.52.6	1
modified	ports/gnome/xdg-desktop-portal-gnome/Pkgfile	xdg-desktop-portal-gnome	47.2	1	xdg-desktop-portal-gnome	50.0	1
modified	ports/gnome/yelp-xsl/Pkgfile	yelp-xsl	42.1	1	yelp-xsl	49.0	1
modified	ports/gnome/yelp/Pkgfile	yelp	42.2	1	yelp	49.2	1
modified	ports/gnome/zenity/Pkgfile	zenity	4.0.3	1	zenity	4.2.2	1
removed-duplicate	ports/opt/dconf-editor/Pkgfile	dconf-editor	45.0.1	2			
modified	ports/opt/freerdp/Pkgfile	freerdp	3.30.0	1	freerdp	3.31.0	1
modified	ports/opt/llvm/Pkgfile	llvm	22.1.8	3	llvm	22.1.8	4
modified	ports/opt/nvidia/Pkgfile	nvidia	550.127.05	1	nvidia	595.99.02	1
removed-duplicate	ports/opt/qcoro/Pkgfile	qcoro	0.13.0	3			
modified	ports/opt/swaylock/Pkgfile	swaylock	1.8.6	1	swaylock	1.8.6	1
modified	ports/opt/wireplumber/Pkgfile	wireplumber	0.5.15	3	wireplumber	0.5.17	1
modified	ports/plasma/plasma-meta/Pkgfile	plasma-meta	6.7.4	5	plasma-meta	6.7.4	6
modified	ports/plasma/qcoro/Pkgfile	qcoro	0.13.0	1	qcoro	0.13.0	3
modified	ports/plasma/sddm/Pkgfile	sddm	0.21.0	2	sddm	0.21.0	3
modified	ports/xorg/mesa/Pkgfile	mesa	26.2.1	5	mesa	26.2.2	1
removed-duplicate	ports/xorg/nvidia/Pkgfile	nvidia	535.113.01	1			
