tree	name	version	release	Pkgfile
core	aaa_filesystem	1	13	ports/core/aaa_filesystem/Pkgfile
core	acl	2.4.0	2	ports/core/acl/Pkgfile
core	attr	2.6.0	1	ports/core/attr/Pkgfile
core	autoconf	2.73	1	ports/core/autoconf/Pkgfile
core	automake	1.18.1	1	ports/core/automake/Pkgfile
core	bash	5.3	1	ports/core/bash/Pkgfile
core	bash-completion	2.17.0	2	ports/core/bash-completion/Pkgfile
core	bc	7.0.3	1	ports/core/bc/Pkgfile
core	bfs-kernel-maintenance	1.0	1	ports/core/bfs-kernel-maintenance/Pkgfile
core	binutils	2.47	1	ports/core/binutils/Pkgfile
core	bison	3.8.2	1	ports/core/bison/Pkgfile
core	btrfs-progs	7.1	1	ports/core/btrfs-progs/Pkgfile
core	bzip2	1.0.8	1	ports/core/bzip2/Pkgfile
core	ca-certificates	20260716	5	ports/core/ca-certificates/Pkgfile
core	ccache	4.13.6	2	ports/core/ccache/Pkgfile
core	check	0.15.2	1	ports/core/check/Pkgfile
core	cmake	4.4.2	1	ports/core/cmake/Pkgfile
core	coreutils	9.11	1	ports/core/coreutils/Pkgfile
core	cracklib	2.10.3	3	ports/core/cracklib/Pkgfile
core	curl	8.21.0	3	ports/core/curl/Pkgfile
core	dash	0.5.13	1	ports/core/dash/Pkgfile
core	dbus	1.16.2	2	ports/core/dbus/Pkgfile
core	dialog	1.3-20260107	1	ports/core/dialog/Pkgfile
core	diffutils	3.12	1	ports/core/diffutils/Pkgfile
core	dosfstools	4.2	1	ports/core/dosfstools/Pkgfile
core	dracut	111	3	ports/core/dracut/Pkgfile
core	e2fsprogs	1.47.4	2	ports/core/e2fsprogs/Pkgfile
core	efibootmgr	18	2	ports/core/efibootmgr/Pkgfile
core	efivar	39	2	ports/core/efivar/Pkgfile
core	elfutils	0.195	2	ports/core/elfutils/Pkgfile
core	exfatprogs	1.4.2	1	ports/core/exfatprogs/Pkgfile
core	expat	2.8.3	1	ports/core/expat/Pkgfile
core	f2fs-tools	1.16.0	1	ports/core/f2fs-tools/Pkgfile
core	fakeroot	1.37.1.1	1	ports/core/fakeroot/Pkgfile
core	file	5.48	1	ports/core/file/Pkgfile
core	findutils	4.11.0	1	ports/core/findutils/Pkgfile
core	flex	2.6.4	1	ports/core/flex/Pkgfile
core	fmt	12.2.0	1	ports/core/fmt/Pkgfile
core	freetype	2.14.3	1	ports/core/freetype/Pkgfile
core	fuse	3.18.2	1	ports/core/fuse/Pkgfile
core	gawk	5.4.1	1	ports/core/gawk/Pkgfile
core	gcc	16.2.0	2	ports/core/gcc/Pkgfile
core	gdbm	1.26	1	ports/core/gdbm/Pkgfile
core	genfstab	1.0	1	ports/core/genfstab/Pkgfile
core	gettext	1.0	1	ports/core/gettext/Pkgfile
core	glibc	2.44	1	ports/core/glibc/Pkgfile
core	gmp	6.3.0	1	ports/core/gmp/Pkgfile
core	gperf	3.3	1	ports/core/gperf/Pkgfile
core	gptfdisk	1.0.10	1	ports/core/gptfdisk/Pkgfile
core	grep	3.12	1	ports/core/grep/Pkgfile
core	groff	1.24.1	1	ports/core/groff/Pkgfile
core	grub	2.14	2	ports/core/grub/Pkgfile
core	grub-efi	2.14	1	ports/core/grub-efi/Pkgfile
core	gzip	1.14	1	ports/core/gzip/Pkgfile
core	httpup	0.5.1	1	ports/core/httpup/Pkgfile
core	iana-etc	20260805	1	ports/core/iana-etc/Pkgfile
core	inetutils	2.8	1	ports/core/inetutils/Pkgfile
core	inih	62	1	ports/core/inih/Pkgfile
core	intltool	0.51.0	1	ports/core/intltool/Pkgfile
core	iproute2	7.1.0	1	ports/core/iproute2/Pkgfile
core	iptables	1.8.13	1	ports/core/iptables/Pkgfile
core	kbd	2.10.0	1	ports/core/kbd/Pkgfile
core	kmod	34.2	1	ports/core/kmod/Pkgfile
core	less	704	1	ports/core/less/Pkgfile
core	libaio	0.3.113	2	ports/core/libaio/Pkgfile
core	libarchive	3.8.9	2	ports/core/libarchive/Pkgfile
core	libcap	2.78	1	ports/core/libcap/Pkgfile
core	libevent	2.1.13	2	ports/core/libevent/Pkgfile
core	libffi	3.8.0	1	ports/core/libffi/Pkgfile
core	libmnl	1.0.5	1	ports/core/libmnl/Pkgfile
core	libnftnl	1.3.1	1	ports/core/libnftnl/Pkgfile
core	libnl	3.12.0	2	ports/core/libnl/Pkgfile
core	libnsl	2.0.1	1	ports/core/libnsl/Pkgfile
core	libpipeline	1.5.8	1	ports/core/libpipeline/Pkgfile
core	libpng	1.6.58	3	ports/core/libpng/Pkgfile
core	libpwquality	1.4.5	2	ports/core/libpwquality/Pkgfile
core	libtirpc	1.3.7	1	ports/core/libtirpc/Pkgfile
core	libtool	2.6.2	1	ports/core/libtool/Pkgfile
core	liburcu	0.15.6	1	ports/core/liburcu/Pkgfile
core	libuv	1.52.1	2	ports/core/libuv/Pkgfile
core	libxcrypt	4.5.2	1	ports/core/libxcrypt/Pkgfile
core	libyaml	0.2.5	1	ports/core/libyaml/Pkgfile
core	linux	7.2.3	3	ports/core/linux/Pkgfile
core	linux-api-headers	7.2.3	1	ports/core/linux-api-headers/Pkgfile
core	linux-firmware	20260622	1	ports/core/linux-firmware/Pkgfile
core	linux-headers	7.2.3	1	ports/core/linux-headers/Pkgfile
core	linux-lts	6.18.49	5	ports/core/linux-lts/Pkgfile
core	linux-pam	1.7.2	4	ports/core/linux-pam/Pkgfile
core	lvm2	2.03.42	2	ports/core/lvm2/Pkgfile
core	lz4	1.10.0	1	ports/core/lz4/Pkgfile
core	lzo	2.10	1	ports/core/lzo/Pkgfile
core	m4	1.4.21	1	ports/core/m4/Pkgfile
core	make	4.4.1	1	ports/core/make/Pkgfile
core	make-ca	1.16.1	5	ports/core/make-ca/Pkgfile
core	man-db	2.13.1	1	ports/core/man-db/Pkgfile
core	man-pages	6.18	1	ports/core/man-pages/Pkgfile
core	mandoc	1.14.6	1	ports/core/mandoc/Pkgfile
core	mdadm	4.6	2	ports/core/mdadm/Pkgfile
core	meson	1.12.0	1	ports/core/meson/Pkgfile
core	mpc	1.4.1	1	ports/core/mpc/Pkgfile
core	mpdecimal	4.0.1	1	ports/core/mpdecimal/Pkgfile
core	mpfr	4.2.2	1	ports/core/mpfr/Pkgfile
core	mtools	4.0.49	1	ports/core/mtools/Pkgfile
core	nano	9.2	1	ports/core/nano/Pkgfile
core	nasm	3.02	4	ports/core/nasm/Pkgfile
core	ncurses	6.6	1	ports/core/ncurses/Pkgfile
core	nftables	1.1.6	1	ports/core/nftables/Pkgfile
core	ninja	1.13.2	1	ports/core/ninja/Pkgfile
core	openssh	10.5p1	2	ports/core/openssh/Pkgfile
core	openssl	4.0.1	1	ports/core/openssl/Pkgfile
core	patch	2.8	1	ports/core/patch/Pkgfile
core	pciutils	3.15.0	1	ports/core/pciutils/Pkgfile
core	pcre2	10.47	1	ports/core/pcre2/Pkgfile
core	perl	5.44.0	1	ports/core/perl/Pkgfile
core	perl-xml-parser	2.47	1	ports/core/perl-xml-parser/Pkgfile
core	pkgconf	3.0.5	1	ports/core/pkgconf/Pkgfile
core	pkgutils	5.40.12	30	ports/core/pkgutils/Pkgfile
core	popt	1.19	1	ports/core/popt/Pkgfile
core	ports	1.6	3	ports/core/ports/Pkgfile
core	procps-ng	4.0.7	1	ports/core/procps-ng/Pkgfile
core	prt-get	5.19.9	6	ports/core/prt-get/Pkgfile
core	prt-utils	1.3.7	3	ports/core/prt-utils/Pkgfile
core	psmisc	23.7	1	ports/core/psmisc/Pkgfile
core	python3	3.14.7	1	ports/core/python3/Pkgfile
core	python3-attrs	24.3.0	1	ports/core/python3-attrs/Pkgfile
core	python3-babel	2.18.0	1	ports/core/python3-babel/Pkgfile
core	python3-build	1.5.0	1	ports/core/python3-build/Pkgfile
core	python3-cairo	1.29.1	2	ports/core/python3-cairo/Pkgfile
core	python3-calver	2022.6.26	1	ports/core/python3-calver/Pkgfile
core	python3-certifi	2026.6.17	1	ports/core/python3-certifi/Pkgfile
core	python3-chardet	5.2.0	1	ports/core/python3-chardet/Pkgfile
core	python3-charset-normalizer	3.4.7	1	ports/core/python3-charset-normalizer/Pkgfile
core	python3-cython	3.2.9	1	ports/core/python3-cython/Pkgfile
core	python3-docutils	0.23	1	ports/core/python3-docutils/Pkgfile
core	python3-doxypypy	0.8.8.7	1	ports/core/python3-doxypypy/Pkgfile
core	python3-doxyqml	0.5.3	1	ports/core/python3-doxyqml/Pkgfile
core	python3-editables	0.5	1	ports/core/python3-editables/Pkgfile
core	python3-flit-core	4.0.2	1	ports/core/python3-flit-core/Pkgfile
core	python3-gi_docgen	2026.1	1	ports/core/python3-gi_docgen/Pkgfile
core	python3-gobject	3.56.3	3	ports/core/python3-gobject/Pkgfile
core	python3-hatch-fancy-pypi-readme	25.1.0	1	ports/core/python3-hatch-fancy-pypi-readme/Pkgfile
core	python3-hatch-vcs	0.5.0	1	ports/core/python3-hatch-vcs/Pkgfile
core	python3-hatchling	1.32.0	2	ports/core/python3-hatchling/Pkgfile
core	python3-html5lib	1.1	5	ports/core/python3-html5lib/Pkgfile
core	python3-idna	3.18	1	ports/core/python3-idna/Pkgfile
core	python3-installer	1.0.1	1	ports/core/python3-installer/Pkgfile
core	python3-jinja2	3.1.6	1	ports/core/python3-jinja2/Pkgfile
core	python3-lxml	6.1.1	2	ports/core/python3-lxml/Pkgfile
core	python3-mako	1.4.1	1	ports/core/python3-mako/Pkgfile
core	python3-markdown	3.10.2	2	ports/core/python3-markdown/Pkgfile
core	python3-markupsafe	3.0.3	1	ports/core/python3-markupsafe/Pkgfile
core	python3-meson_python	0.20.0	1	ports/core/python3-meson_python/Pkgfile
core	python3-numpy	2.5.2	1	ports/core/python3-numpy/Pkgfile
core	python3-packaging	26.3	1	ports/core/python3-packaging/Pkgfile
core	python3-pathspec	1.1.1	1	ports/core/python3-pathspec/Pkgfile
core	python3-pip	26.1.2	1	ports/core/python3-pip/Pkgfile
core	python3-pluggy	1.6.0	1	ports/core/python3-pluggy/Pkgfile
core	python3-ply	3.11	1	ports/core/python3-ply/Pkgfile
core	python3-poetry-core	2.4.1	1	ports/core/python3-poetry-core/Pkgfile
core	python3-psutil	7.2.2	1	ports/core/python3-psutil/Pkgfile
core	python3-pycparser	2.22	1	ports/core/python3-pycparser/Pkgfile
core	python3-pygdbmi	0.11.0.0	1	ports/core/python3-pygdbmi/Pkgfile
core	python3-pygments	2.20.0	1	ports/core/python3-pygments/Pkgfile
core	python3-pyproject-hooks	1.2.0	1	ports/core/python3-pyproject-hooks/Pkgfile
core	python3-pyproject_metadata	0.12.1	1	ports/core/python3-pyproject_metadata/Pkgfile
core	python3-python-dbusmock	0.38.1	1	ports/core/python3-python-dbusmock/Pkgfile
core	python3-pytz	2026.2	1	ports/core/python3-pytz/Pkgfile
core	python3-pyxdg	0.28	1	ports/core/python3-pyxdg/Pkgfile
core	python3-pyyaml	6.0.3	3	ports/core/python3-pyyaml/Pkgfile
core	python3-requests	2.34.2	1	ports/core/python3-requests/Pkgfile
core	python3-setuptools	84.0.0	1	ports/core/python3-setuptools/Pkgfile
core	python3-setuptools-scm	10.1.2	1	ports/core/python3-setuptools-scm/Pkgfile
core	python3-six	1.17.0	2	ports/core/python3-six/Pkgfile
core	python3-tomli	2.4.1	1	ports/core/python3-tomli/Pkgfile
core	python3-tomlkit	0.15.1	1	ports/core/python3-tomlkit/Pkgfile
core	python3-trove-classifiers	2026.6.1.19	1	ports/core/python3-trove-classifiers/Pkgfile
core	python3-typing_extensions	4.12.2	1	ports/core/python3-typing_extensions/Pkgfile
core	python3-typogrify	2.0.7	1	ports/core/python3-typogrify/Pkgfile
core	python3-urllib3	2.7.0	1	ports/core/python3-urllib3/Pkgfile
core	python3-vcs-versioning	2.2.4	1	ports/core/python3-vcs-versioning/Pkgfile
core	python3-webencodings	0.5.1	1	ports/core/python3-webencodings/Pkgfile
core	python3-wheel	0.48.0	1	ports/core/python3-wheel/Pkgfile
core	rdfind	1.8.0	1	ports/core/rdfind/Pkgfile
core	readline	8.3	1	ports/core/readline/Pkgfile
core	rsync	3.5.0	2	ports/core/rsync/Pkgfile
core	sed	4.10	1	ports/core/sed/Pkgfile
core	shadow	4.20.2	2	ports/core/shadow/Pkgfile
core	signify	0.14	1	ports/core/signify/Pkgfile
core	sqlite	3.53.4	1	ports/core/sqlite/Pkgfile
core	squashfs-tools	4.7.5	2	ports/core/squashfs-tools/Pkgfile
core	stripping	1.0	1	ports/core/stripping/Pkgfile
core	sudo	1.9.17p2	1	ports/core/sudo/Pkgfile
core	systemd	261.2	2	ports/core/systemd/Pkgfile
core	tar	1.35	1	ports/core/tar/Pkgfile
core	texinfo	7.3	1	ports/core/texinfo/Pkgfile
core	traceroute	2.1.6	1	ports/core/traceroute/Pkgfile
core	tzdata	2026c	2	ports/core/tzdata/Pkgfile
core	util-linux	2.42.2	2	ports/core/util-linux/Pkgfile
core	vim	9.2.1025	1	ports/core/vim/Pkgfile
core	which	2.25	1	ports/core/which/Pkgfile
core	wireless_tools	30.pre9	4	ports/core/wireless_tools/Pkgfile
core	wpa_supplicant	2.12	6	ports/core/wpa_supplicant/Pkgfile
core	xfsprogs	7.1.1	1	ports/core/xfsprogs/Pkgfile
core	xxhash	0.8.3	1	ports/core/xxhash/Pkgfile
core	xz	5.8.3	1	ports/core/xz/Pkgfile
core	zlib	1.3.2	1	ports/core/zlib/Pkgfile
core	zstd	1.5.7	1	ports/core/zstd/Pkgfile
opt	aalib	1.4rc5	1	ports/opt/aalib/Pkgfile
opt	abseil-cpp	20260526.0	2	ports/opt/abseil-cpp/Pkgfile
opt	accountsservice	26.27.3	2	ports/opt/accountsservice/Pkgfile
opt	alsa-lib	1.2.16.1	1	ports/opt/alsa-lib/Pkgfile
opt	alsa-plugins	1.2.12	1	ports/opt/alsa-plugins/Pkgfile
opt	alsa-tools	1.2.15	1	ports/opt/alsa-tools/Pkgfile
opt	alsa-utils	1.2.16	2	ports/opt/alsa-utils/Pkgfile
opt	appstream-glib	0.8.4	2	ports/opt/appstream-glib/Pkgfile
opt	apr-util	1.6.5	2	ports/opt/apr-util/Pkgfile
opt	argon2	20190702	1	ports/opt/argon2/Pkgfile
opt	argyllcms	3.5.0	2	ports/opt/argyllcms/Pkgfile
opt	aspell	0.60.8.2	2	ports/opt/aspell/Pkgfile
opt	aspell6-en	2020.12.07-0	1	ports/opt/aspell6-en/Pkgfile
opt	at-spi2-core	2.60.6	2	ports/opt/at-spi2-core/Pkgfile
opt	atkmm	2.28.5	4	ports/opt/atkmm/Pkgfile
opt	autoconf-archive	2024.10.16	1	ports/opt/autoconf-archive/Pkgfile
opt	avahi	0.9-rc5	3	ports/opt/avahi/Pkgfile
opt	blueprint-compiler	0.22.2	1	ports/opt/blueprint-compiler/Pkgfile
opt	bluez	5.87	2	ports/opt/bluez/Pkgfile
opt	bogofilter	1.2.5	1	ports/opt/bogofilter/Pkgfile
opt	boost	1.92.0	2	ports/opt/boost/Pkgfile
opt	brotli	1.2.0	2	ports/opt/brotli/Pkgfile
opt	bubblewrap	0.11.2	2	ports/opt/bubblewrap/Pkgfile
opt	c-ares	1.34.8	3	ports/opt/c-ares/Pkgfile
opt	cairo	1.18.4	3	ports/opt/cairo/Pkgfile
opt	cairomm	1.18.1	3	ports/opt/cairomm/Pkgfile
opt	cairomm-1.0	1.14.6	4	ports/opt/cairomm-1.0/Pkgfile
opt	cbindgen	0.29.4	2	ports/opt/cbindgen/Pkgfile
opt	cdparanoia	10.2	1	ports/opt/cdparanoia/Pkgfile
opt	cdrdao	1.2.6	2	ports/opt/cdrdao/Pkgfile
opt	cdrtools	3.02a09	2	ports/opt/cdrtools/Pkgfile
opt	chrpath	0.18	1	ports/opt/chrpath/Pkgfile
opt	colord	1.4.8	4	ports/opt/colord/Pkgfile
opt	colord-gtk	0.3.1	1	ports/opt/colord-gtk/Pkgfile
opt	consolekit	1.2.6	1	ports/opt/consolekit/Pkgfile
opt	corrosion	0.6.1	1	ports/opt/corrosion/Pkgfile
opt	cpio	2.15	1	ports/opt/cpio/Pkgfile
opt	cracklib-words	2.9.11.xz	1	ports/opt/cracklib-words/Pkgfile
opt	cryptsetup	2.8.7	1	ports/opt/cryptsetup/Pkgfile
opt	cups	2.4.19	2	ports/opt/cups/Pkgfile
opt	cups-filters	2.0.1	1	ports/opt/cups-filters/Pkgfile
opt	cyrus-sasl	2.1.28	2	ports/opt/cyrus-sasl/Pkgfile
opt	dav1d	1.5.4	1	ports/opt/dav1d/Pkgfile
opt	dbus-glib	0.114	3	ports/opt/dbus-glib/Pkgfile
opt	dbus-python	1.4.0	1	ports/opt/dbus-python/Pkgfile
opt	dejagnu	1.6.3	1	ports/opt/dejagnu/Pkgfile
opt	desktop-file-utils	0.28	1	ports/opt/desktop-file-utils/Pkgfile
opt	dhcpcd	10.5.2	1	ports/opt/dhcpcd/Pkgfile
opt	directx-headers	1.615.0	1	ports/opt/directx-headers/Pkgfile
opt	discord	0.0.97	1	ports/opt/discord/Pkgfile
opt	docbook-xml	4.5	9	ports/opt/docbook-xml/Pkgfile
opt	docbook-xsl-nons	1.79.2	4	ports/opt/docbook-xsl-nons/Pkgfile
opt	double-conversion	3.4.0	2	ports/opt/double-conversion/Pkgfile
opt	doxygen	1.18.0	2	ports/opt/doxygen/Pkgfile
opt	duktape	2.7.0	2	ports/opt/duktape/Pkgfile
opt	dvd+rw-tools	7.1	1	ports/opt/dvd+rw-tools/Pkgfile
opt	enchant	2.8.19	2	ports/opt/enchant/Pkgfile
opt	eudev	3.2.14	1	ports/opt/eudev/Pkgfile
opt	exempi	2.6.6	2	ports/opt/exempi/Pkgfile
opt	exiv2	0.28.8	2	ports/opt/exiv2/Pkgfile
opt	expect	5.45.4	1	ports/opt/expect/Pkgfile
opt	faad2	2.11.3	2	ports/opt/faad2/Pkgfile
opt	faudio	25.02	1	ports/opt/faudio/Pkgfile
opt	fdk-aac	2.0.3	2	ports/opt/fdk-aac/Pkgfile
opt	ffmpeg	9.0.1	3	ports/opt/ffmpeg/Pkgfile
opt	fftw	3.3.11	2	ports/opt/fftw/Pkgfile
opt	firefox	155.0	6	ports/opt/firefox/Pkgfile
opt	firefox-bin	155.0	3	ports/opt/firefox-bin/Pkgfile
opt	firefox-esr	153.2.0esr	1	ports/opt/firefox-esr/Pkgfile
opt	flac	1.5.0	2	ports/opt/flac/Pkgfile
opt	fltk	1.3.11	2	ports/opt/fltk/Pkgfile
opt	freeglut	3.8.0	2	ports/opt/freeglut/Pkgfile
opt	freerdp	3.31.0	1	ports/opt/freerdp/Pkgfile
opt	freetype2	2.13.2	2	ports/opt/freetype2/Pkgfile
opt	frei0r-plugins	3.4.0	3	ports/opt/frei0r-plugins/Pkgfile
opt	fribidi	1.0.16	2	ports/opt/fribidi/Pkgfile
opt	ftjam	2.5.2	1	ports/opt/ftjam/Pkgfile
opt	fuse2	2.9.9	1	ports/opt/fuse2/Pkgfile
opt	gavl	1.4.0	1	ports/opt/gavl/Pkgfile
opt	gdb	17.2	2	ports/opt/gdb/Pkgfile
opt	gdk-pixbuf	2.44.8	1	ports/opt/gdk-pixbuf/Pkgfile
opt	geoclue	2.8.2	2	ports/opt/geoclue/Pkgfile
opt	ghostscript	10.07.1	1	ports/opt/ghostscript/Pkgfile
opt	giflib	6.1.3	2	ports/opt/giflib/Pkgfile
opt	git	2.55.0	4	ports/opt/git/Pkgfile
opt	glib	2.88.3	3	ports/opt/glib/Pkgfile
opt	glib-networking	2.80.1	2	ports/opt/glib-networking/Pkgfile
opt	glibmm	2.84.0	2	ports/opt/glibmm/Pkgfile
opt	glibmm-2.4	2.66.9	1	ports/opt/glibmm-2.4/Pkgfile
opt	glibmm-2.68	2.82.0	1	ports/opt/glibmm-2.68/Pkgfile
opt	glslang	16.5.0	2	ports/opt/glslang/Pkgfile
opt	glycin	2.1.5	1	ports/opt/glycin/Pkgfile
opt	gnupg	2.5.21	2	ports/opt/gnupg/Pkgfile
opt	gnutls	3.8.13	1	ports/opt/gnutls/Pkgfile
opt	gobject-introspection	1.84.0	2	ports/opt/gobject-introspection/Pkgfile
opt	gparted	1.8.1	1	ports/opt/gparted/Pkgfile
opt	gpgme	2.1.2	2	ports/opt/gpgme/Pkgfile
opt	gpgmepp	2.1.0	1	ports/opt/gpgmepp/Pkgfile
opt	gpm	1.20.7	2	ports/opt/gpm/Pkgfile
opt	grantlee	5.3.1	1	ports/opt/grantlee/Pkgfile
opt	graphene	1.10.8	1	ports/opt/graphene/Pkgfile
opt	graphite2	1.3.14	4	ports/opt/graphite2/Pkgfile
opt	graphviz	15.1.1	2	ports/opt/graphviz/Pkgfile
opt	gsl	2.8	1	ports/opt/gsl/Pkgfile
opt	gspell	1.14.4	2	ports/opt/gspell/Pkgfile
opt	gst-libav	1.28.6	2	ports/opt/gst-libav/Pkgfile
opt	gst-plugins-bad	1.28.6	2	ports/opt/gst-plugins-bad/Pkgfile
opt	gst-plugins-base	1.28.6	2	ports/opt/gst-plugins-base/Pkgfile
opt	gst-plugins-good	1.28.6	3	ports/opt/gst-plugins-good/Pkgfile
opt	gst-plugins-ugly	1.28.6	3	ports/opt/gst-plugins-ugly/Pkgfile
opt	gstreamer	1.28.6	2	ports/opt/gstreamer/Pkgfile
opt	gtk	2.24.33	1	ports/opt/gtk/Pkgfile
opt	gtk-doc	1.36.1	2	ports/opt/gtk-doc/Pkgfile
opt	gtk-vnc	1.5.0	2	ports/opt/gtk-vnc/Pkgfile
opt	gtk3	3.24.52	4	ports/opt/gtk3/Pkgfile
opt	gtk4	4.22.4	3	ports/opt/gtk4/Pkgfile
opt	gtkmm	4.22.0	1	ports/opt/gtkmm/Pkgfile
opt	gtkmm3	3.24.11	3	ports/opt/gtkmm3/Pkgfile
opt	gtksourceview	5.20.0	1	ports/opt/gtksourceview/Pkgfile
opt	gutenprint	5.3.5	2	ports/opt/gutenprint/Pkgfile
opt	gvim	9.1.1055	1	ports/opt/gvim/Pkgfile
opt	harfbuzz	14.3.1	3	ports/opt/harfbuzz/Pkgfile
opt	hexchat	2.16.2	1	ports/opt/hexchat/Pkgfile
opt	hicolor-icon-theme	0.18	1	ports/opt/hicolor-icon-theme/Pkgfile
opt	highlight	4.21	4	ports/opt/highlight/Pkgfile
opt	highway	1.4.0	3	ports/opt/highway/Pkgfile
opt	hwdata	0.410	2	ports/opt/hwdata/Pkgfile
opt	hyphen	2.8.8	1	ports/opt/hyphen/Pkgfile
opt	ibus	1.5.34	2	ports/opt/ibus/Pkgfile
opt	icon-naming-utils	0.8.90	1	ports/opt/icon-naming-utils/Pkgfile
opt	icu	78.3	2	ports/opt/icu/Pkgfile
opt	imagemagick	7.1.2-30	1	ports/opt/imagemagick/Pkgfile
opt	imath	3.2.2	1	ports/opt/imath/Pkgfile
opt	imlib2	1.12.6	2	ports/opt/imlib2/Pkgfile
opt	iniparser	4.1	1	ports/opt/iniparser/Pkgfile
opt	isl	0.27	1	ports/opt/isl/Pkgfile
opt	iso-codes	4.20.1	5	ports/opt/iso-codes/Pkgfile
opt	itstool	2.0.7	4	ports/opt/itstool/Pkgfile
opt	jansson	2.15.1	2	ports/opt/jansson/Pkgfile
opt	jasper	4.2.9	2	ports/opt/jasper/Pkgfile
opt	jq	1.7.1	1	ports/opt/jq/Pkgfile
opt	json-c	0.19	1	ports/opt/json-c/Pkgfile
opt	json-glib	1.10.8	2	ports/opt/json-glib/Pkgfile
opt	kColorPicker	0.3.1	1	ports/opt/kColorPicker/Pkgfile
opt	kImageAnnotator	0.7.2	1	ports/opt/kImageAnnotator/Pkgfile
opt	kdsoap	2.3.0	3	ports/opt/kdsoap/Pkgfile
opt	kdsoap-ws-discovery-client	0.4.0	2	ports/opt/kdsoap-ws-discovery-client/Pkgfile
opt	kerberos	1.22.2	3	ports/opt/kerberos/Pkgfile
opt	keybinder-3.0	0.3.2	1	ports/opt/keybinder-3.0/Pkgfile
opt	keyutils	1.6.3	1	ports/opt/keyutils/Pkgfile
opt	labwc	0.20.2	1	ports/opt/labwc/Pkgfile
opt	lame	3.100	1	ports/opt/lame/Pkgfile
opt	lapack	3.12.0	2	ports/opt/lapack/Pkgfile
opt	lcms2	2.19.1	3	ports/opt/lcms2/Pkgfile
opt	liba52	0.8.0	1	ports/opt/liba52/Pkgfile
opt	libaccounts-glib	1.27	1	ports/opt/libaccounts-glib/Pkgfile
opt	libaccounts-qt	1.17	1	ports/opt/libaccounts-qt/Pkgfile
opt	libadwaita	1.9.3	1	ports/opt/libadwaita/Pkgfile
opt	libao	1.2.2	1	ports/opt/libao/Pkgfile
opt	libaom	3.14.1	2	ports/opt/libaom/Pkgfile
opt	libass	0.17.5	2	ports/opt/libass/Pkgfile
opt	libassuan	3.0.2	1	ports/opt/libassuan/Pkgfile
opt	libatasmart	0.19	1	ports/opt/libatasmart/Pkgfile
opt	libavif	1.4.2	2	ports/opt/libavif/Pkgfile
opt	libblockdev	3.5.0	2	ports/opt/libblockdev/Pkgfile
opt	libburn	1.5.8	1	ports/opt/libburn/Pkgfile
opt	libbytesize	2.12	1	ports/opt/libbytesize/Pkgfile
opt	libcanberra	0.30	1	ports/opt/libcanberra/Pkgfile
opt	libcddb	1.3.2	1	ports/opt/libcddb/Pkgfile
opt	libcdio	2.1.0	1	ports/opt/libcdio/Pkgfile
opt	libcdio-paranoia	10.2+2.0.1	1	ports/opt/libcdio-paranoia/Pkgfile
opt	libclc	20.1.1.src	1	ports/opt/libclc/Pkgfile
opt	libcloudproviders	0.3.6	1	ports/opt/libcloudproviders/Pkgfile
opt	libcupsfilters	2.1.1	1	ports/opt/libcupsfilters/Pkgfile
opt	libdaemon	0.14	1	ports/opt/libdaemon/Pkgfile
opt	libdecor	0.2.2	1	ports/opt/libdecor/Pkgfile
opt	libdisplay-info	0.4.0	2	ports/opt/libdisplay-info/Pkgfile
opt	libdmtx	0.7.8	1	ports/opt/libdmtx/Pkgfile
opt	libdv	1.0.0	1	ports/opt/libdv/Pkgfile
opt	libdvdcss	1.6.0	3	ports/opt/libdvdcss/Pkgfile
opt	libdvdnav	7.0.0	3	ports/opt/libdvdnav/Pkgfile
opt	libdvdread	7.1.1	4	ports/opt/libdvdread/Pkgfile
opt	libedit	20230828_3.1	1	ports/opt/libedit/Pkgfile
opt	libei	1.6.0	1	ports/opt/libei/Pkgfile
opt	libexif	0.6.26	1	ports/opt/libexif/Pkgfile
opt	libgcrypt	1.12.2	2	ports/opt/libgcrypt/Pkgfile
opt	libglade	2.6.4	1	ports/opt/libglade/Pkgfile
opt	libgpg-error	1.61	3	ports/opt/libgpg-error/Pkgfile
opt	libgsf	1.14.58	2	ports/opt/libgsf/Pkgfile
opt	libgudev	238	1	ports/opt/libgudev/Pkgfile
opt	libgusb	0.4.9	1	ports/opt/libgusb/Pkgfile
opt	libgxps	0.3.2	1	ports/opt/libgxps/Pkgfile
opt	libhandy	1.8.3	1	ports/opt/libhandy/Pkgfile
opt	libical	4.0.5	3	ports/opt/libical/Pkgfile
opt	libidn	1.44	2	ports/opt/libidn/Pkgfile
opt	libidn2	2.3.8	2	ports/opt/libidn2/Pkgfile
opt	libisoburn	1.5.8.pl02	1	ports/opt/libisoburn/Pkgfile
opt	libisofs	1.5.8.pl02	1	ports/opt/libisofs/Pkgfile
opt	libjpeg-turbo	3.2.0	2	ports/opt/libjpeg-turbo/Pkgfile
opt	libjxl	0.12.0	1	ports/opt/libjxl/Pkgfile
opt	libksba	1.8.0	1	ports/opt/libksba/Pkgfile
opt	libliftoff	0.5.0	1	ports/opt/libliftoff/Pkgfile
opt	libmad	0.15.1b	1	ports/opt/libmad/Pkgfile
opt	libmbim	1.34.0	1	ports/opt/libmbim/Pkgfile
opt	libmng	2.0.3	1	ports/opt/libmng/Pkgfile
opt	libmpeg2	0.5.1	2	ports/opt/libmpeg2/Pkgfile
opt	libmusicbrainz	5.1.0	2	ports/opt/libmusicbrainz/Pkgfile
opt	libmusicbrainz5	5.1.0	1	ports/opt/libmusicbrainz5/Pkgfile
opt	libndp	1.9	1	ports/opt/libndp/Pkgfile
opt	libnghttp2	1.70.0	1	ports/opt/libnghttp2/Pkgfile
opt	libnma	1.10.6	3	ports/opt/libnma/Pkgfile
opt	libnotify	0.8.8	4	ports/opt/libnotify/Pkgfile
opt	libnvme	1.16.2	2	ports/opt/libnvme/Pkgfile
opt	libogg	1.3.6	2	ports/opt/libogg/Pkgfile
opt	libpaper	2.2.8	2	ports/opt/libpaper/Pkgfile
opt	libpcap	1.10.6	2	ports/opt/libpcap/Pkgfile
opt	libportal	0.9.1	2	ports/opt/libportal/Pkgfile
opt	libppd	2.1.1	1	ports/opt/libppd/Pkgfile
opt	libproxy	0.5.12	3	ports/opt/libproxy/Pkgfile
opt	libpsl	0.23.3	1	ports/opt/libpsl/Pkgfile
opt	libqalculate	5.12.0	2	ports/opt/libqalculate/Pkgfile
opt	libqmi	1.38.0	1	ports/opt/libqmi/Pkgfile
opt	libqrtr-glib	1.4.0	1	ports/opt/libqrtr-glib/Pkgfile
opt	libraw	0.22.2	1	ports/opt/libraw/Pkgfile
opt	libsamplerate	0.2.2	1	ports/opt/libsamplerate/Pkgfile
opt	libsass	3.6.5	2	ports/opt/libsass/Pkgfile
opt	libseccomp	2.6.1	2	ports/opt/libseccomp/Pkgfile
opt	libsecret	0.21.7	2	ports/opt/libsecret/Pkgfile
opt	libsigc++	3.6.0	2	ports/opt/libsigc++/Pkgfile
opt	libsigc++2	2.12.1	2	ports/opt/libsigc++2/Pkgfile
opt	libsndfile	1.2.2	3	ports/opt/libsndfile/Pkgfile
opt	libsoup	2.74.3	1	ports/opt/libsoup/Pkgfile
opt	libsoup3	3.6.6	1	ports/opt/libsoup3/Pkgfile
opt	libssh	0.12.2	1	ports/opt/libssh/Pkgfile
opt	libssh2	1.11.1	1	ports/opt/libssh2/Pkgfile
opt	libstatgrab	0.92.1	1	ports/opt/libstatgrab/Pkgfile
opt	libtasn1	4.21.0	1	ports/opt/libtasn1/Pkgfile
opt	libtheora	1.2.0	1	ports/opt/libtheora/Pkgfile
opt	libtiff	4.7.2	3	ports/opt/libtiff/Pkgfile
opt	libtraceevent	1.8.4	3	ports/opt/libtraceevent/Pkgfile
opt	libtracefs	1.8.2	2	ports/opt/libtracefs/Pkgfile
opt	libunistring	1.4.2	2	ports/opt/libunistring/Pkgfile
opt	libusb	1.0.30	2	ports/opt/libusb/Pkgfile
opt	libvisual	0.4.2	2	ports/opt/libvisual/Pkgfile
opt	libvorbis	1.3.7	1	ports/opt/libvorbis/Pkgfile
opt	libvpx	1.16.0	3	ports/opt/libvpx/Pkgfile
opt	libwacom	2.19.1	2	ports/opt/libwacom/Pkgfile
opt	libwebp	1.6.0	2	ports/opt/libwebp/Pkgfile
opt	libxklavier	5.4	1	ports/opt/libxklavier/Pkgfile
opt	libxml2	2.15.3	1	ports/opt/libxml2/Pkgfile
opt	libxmlb	0.3.29	2	ports/opt/libxmlb/Pkgfile
opt	libxslt	1.1.45	3	ports/opt/libxslt/Pkgfile
opt	lightdm	1.33.1	2	ports/opt/lightdm/Pkgfile
opt	lightdm-gtk-greeter	2.0.9	1	ports/opt/lightdm-gtk-greeter/Pkgfile
opt	links	2.30	3	ports/opt/links/Pkgfile
opt	lld	20.1.1	1	ports/opt/lld/Pkgfile
opt	llvm	22.1.8	4	ports/opt/llvm/Pkgfile
opt	lm-sensors	3-6-0	1	ports/opt/lm-sensors/Pkgfile
opt	lmdb	1.0.1	3	ports/opt/lmdb/Pkgfile
opt	lua	5.4.8	3	ports/opt/lua/Pkgfile
opt	lua52	5.2.4	4	ports/opt/lua52/Pkgfile
opt	lynx	2.9.3	2	ports/opt/lynx/Pkgfile
opt	mingw-ccache-bindings	10.2.0	1	ports/opt/mingw-ccache-bindings/Pkgfile
opt	mingw-w64-binutils	2.39	1	ports/opt/mingw-w64-binutils/Pkgfile
opt	mingw-w64-crt	12.0.0	1	ports/opt/mingw-w64-crt/Pkgfile
opt	mingw-w64-gcc	13.1.0	1	ports/opt/mingw-w64-gcc/Pkgfile
opt	mingw-w64-headers	12.0.0	1	ports/opt/mingw-w64-headers/Pkgfile
opt	mlt	7.40.0	7	ports/opt/mlt/Pkgfile
opt	mm-common	1.0.5	2	ports/opt/mm-common/Pkgfile
opt	mobile-broadband-provider-info	20230416	1	ports/opt/mobile-broadband-provider-info/Pkgfile
opt	modemmanager	1.24.2	3	ports/opt/modemmanager/Pkgfile
opt	mpg123	1.33.0	1	ports/opt/mpg123/Pkgfile
opt	mupdf	1.26.12	1	ports/opt/mupdf/Pkgfile
opt	ndctl	85	1	ports/opt/ndctl/Pkgfile
opt	neon	0.37.1	2	ports/opt/neon/Pkgfile
opt	net-tools	2.10	1	ports/opt/net-tools/Pkgfile
opt	nettle	4.0	1	ports/opt/nettle/Pkgfile
opt	networkmanager	1.58.1	1	ports/opt/networkmanager/Pkgfile
opt	newt	0.52.25	2	ports/opt/newt/Pkgfile
opt	nodejs	24.19.0	4	ports/opt/nodejs/Pkgfile
opt	npth	1.8	1	ports/opt/npth/Pkgfile
opt	nspr	4.40	3	ports/opt/nspr/Pkgfile
opt	nss	3.127	4	ports/opt/nss/Pkgfile
opt	nvidia	595.99.02	1	ports/opt/nvidia/Pkgfile
opt	oniguruma	6.9.9	1	ports/opt/oniguruma/Pkgfile
opt	openal	1.24.3	1	ports/opt/openal/Pkgfile
opt	openbox	3.6.1	1	ports/opt/openbox/Pkgfile
opt	opencv	4.14.0	2	ports/opt/opencv/Pkgfile
opt	openjpeg2	2.5.4	1	ports/opt/openjpeg2/Pkgfile
opt	openldap	2.7.0	2	ports/opt/openldap/Pkgfile
opt	opentimelineio	0.18.1	4	ports/opt/opentimelineio/Pkgfile
opt	opus	1.6.1	3	ports/opt/opus/Pkgfile
opt	orc	0.4.41	2	ports/opt/orc/Pkgfile
opt	oxygen-icons5	5.109.0	1	ports/opt/oxygen-icons5/Pkgfile
opt	p11-kit	0.26.5	4	ports/opt/p11-kit/Pkgfile
opt	p5-uri	5.29	1	ports/opt/p5-uri/Pkgfile
opt	p7zip	17.04	1	ports/opt/p7zip/Pkgfile
opt	pango	1.58.2	2	ports/opt/pango/Pkgfile
opt	pangomm	2.46.5	4	ports/opt/pangomm/Pkgfile
opt	pangomm-2.48	2.56.2	2	ports/opt/pangomm-2.48/Pkgfile
opt	parted	3.7	1	ports/opt/parted/Pkgfile
opt	patchelf	0.19.1	2	ports/opt/patchelf/Pkgfile
opt	pavucontrol	6.2	2	ports/opt/pavucontrol/Pkgfile
opt	pcre	8.45	1	ports/opt/pcre/Pkgfile
opt	perl-parse-yapp	1.21	1	ports/opt/perl-parse-yapp/Pkgfile
opt	perl-xml-simple	2.25	1	ports/opt/perl-xml-simple/Pkgfile
opt	pinentry	1.3.3	1	ports/opt/pinentry/Pkgfile
opt	pipewire	1.6.8	4	ports/opt/pipewire/Pkgfile
opt	polkit	127	3	ports/opt/polkit/Pkgfile
opt	poppler	26.08.0	4	ports/opt/poppler/Pkgfile
opt	poppler-data	0.4.12	1	ports/opt/poppler-data/Pkgfile
opt	potrace	1.16	1	ports/opt/potrace/Pkgfile
opt	power-profiles-daemon	0.30	1	ports/opt/power-profiles-daemon/Pkgfile
opt	protobuf	35.1	3	ports/opt/protobuf/Pkgfile
opt	protobuf-c	1.5.2	2	ports/opt/protobuf-c/Pkgfile
opt	pth	2.0.7	1	ports/opt/pth/Pkgfile
opt	publicsuffix-list	20230812.1829.5e6ac3a	1	ports/opt/publicsuffix-list/Pkgfile
opt	pulseaudio	17.0	4	ports/opt/pulseaudio/Pkgfile
opt	pybind11	3.0.1	1	ports/opt/pybind11/Pkgfile
opt	pyside6	6.11.2	1	ports/opt/pyside6/Pkgfile
opt	qca	2.3.10	2	ports/opt/qca/Pkgfile
opt	qpdf	11.10.1	1	ports/opt/qpdf/Pkgfile
opt	qrencode	4.1.1	2	ports/opt/qrencode/Pkgfile
opt	qt5	5.15.19	12	ports/opt/qt5/Pkgfile
opt	qt6	6.11.2	8	ports/opt/qt6/Pkgfile
opt	qt6-webengine	6.11.2	1	ports/opt/qt6-webengine/Pkgfile
opt	qtwebengine5	5.15.19	1	ports/opt/qtwebengine5/Pkgfile
opt	rapidjson	2025.08.25	1	ports/opt/rapidjson/Pkgfile
opt	rnnoise	0.2	1	ports/opt/rnnoise/Pkgfile
opt	robin-hood-hashing	3.11.5	3	ports/opt/robin-hood-hashing/Pkgfile
opt	rpcsvc-proto	1.4.4	1	ports/opt/rpcsvc-proto/Pkgfile
opt	rtkit	0.14	1	ports/opt/rtkit/Pkgfile
opt	ruby	3.4.2	1	ports/opt/ruby/Pkgfile
opt	rust-bindgen	0.72.1	4	ports/opt/rust-bindgen/Pkgfile
opt	rustc	1.98.0	6	ports/opt/rustc/Pkgfile
opt	samba	4.24.6	3	ports/opt/samba/Pkgfile
opt	sassc	3.6.2	1	ports/opt/sassc/Pkgfile
opt	sbc	2.2	2	ports/opt/sbc/Pkgfile
opt	scons	4.11.0	2	ports/opt/scons/Pkgfile
opt	sdl12-compat	1.2.76	1	ports/opt/sdl12-compat/Pkgfile
opt	sdl2	2.32.8	3	ports/opt/sdl2/Pkgfile
opt	seatd	0.9.3	1	ports/opt/seatd/Pkgfile
opt	sentry_sdk	2.2.1	1	ports/opt/sentry_sdk/Pkgfile
opt	serf	1.3.10	1	ports/opt/serf/Pkgfile
opt	sgml-common	0.6.3	1	ports/opt/sgml-common/Pkgfile
opt	shaderc	2024.1	1	ports/opt/shaderc/Pkgfile
opt	shared-mime-info	2.5.1	4	ports/opt/shared-mime-info/Pkgfile
opt	signond	8.61	1	ports/opt/signond/Pkgfile
opt	slang	2.3.3	1	ports/opt/slang/Pkgfile
opt	smartmontools	7.5	2	ports/opt/smartmontools/Pkgfile
opt	smartypants	2.0.2	1	ports/opt/smartypants/Pkgfile
opt	snapper	0.13.1	2	ports/opt/snapper/Pkgfile
opt	socat	1.8.1.3	1	ports/opt/socat/Pkgfile
opt	soundtouch	2.4.1	2	ports/opt/soundtouch/Pkgfile
opt	speex	1.2.1	3	ports/opt/speex/Pkgfile
opt	spirv-headers	1.4.357.0	2	ports/opt/spirv-headers/Pkgfile
opt	spirv-llvm-translator	22.1.5	3	ports/opt/spirv-llvm-translator/Pkgfile
opt	spirv-tools	1.4.357.0	2	ports/opt/spirv-tools/Pkgfile
opt	startup-notification	0.12	1	ports/opt/startup-notification/Pkgfile
opt	subversion	1.14.5	1	ports/opt/subversion/Pkgfile
opt	svt-av1	4.2.0	1	ports/opt/svt-av1/Pkgfile
opt	swaylock	1.8.6	1	ports/opt/swaylock/Pkgfile
opt	swig	4.5.0	2	ports/opt/swig/Pkgfile
opt	sysklogd	2.7.2	1	ports/opt/sysklogd/Pkgfile
opt	syslinux	6.03	1	ports/opt/syslinux/Pkgfile
opt	taglib	2.3.1	2	ports/opt/taglib/Pkgfile
opt	tcl	8.6.18	1	ports/opt/tcl/Pkgfile
opt	texlive	20250308	3	ports/opt/texlive/Pkgfile
opt	udisks	2.11.2	2	ports/opt/udisks/Pkgfile
opt	uhttpmock	0.11.0	1	ports/opt/uhttpmock/Pkgfile
opt	umockdev	0.18.3	1	ports/opt/umockdev/Pkgfile
opt	unicode-character-database	15.1.0	1	ports/opt/unicode-character-database/Pkgfile
opt	unifdef	2.12	1	ports/opt/unifdef/Pkgfile
opt	unrar	7.1.7	1	ports/opt/unrar/Pkgfile
opt	unzip	6.0	9	ports/opt/unzip/Pkgfile
opt	upower	1.91.3	2	ports/opt/upower/Pkgfile
opt	utfcpp	4.1.1	1	ports/opt/utfcpp/Pkgfile
opt	v4l-utils	1.32.0	5	ports/opt/v4l-utils/Pkgfile
opt	vala	0.56.19	1	ports/opt/vala/Pkgfile
opt	valgrind	3.27.1	2	ports/opt/valgrind/Pkgfile
opt	vlc	3.0.23	4	ports/opt/vlc/Pkgfile
opt	volk	1.3.296.0	1	ports/opt/volk/Pkgfile
opt	vulkan-headers	1.4.357.0	2	ports/opt/vulkan-headers/Pkgfile
opt	vulkan-loader	1.4.357.0	5	ports/opt/vulkan-loader/Pkgfile
opt	vulkan-utility-libraries	1.4.304.1	1	ports/opt/vulkan-utility-libraries/Pkgfile
opt	vulkan-validation-layers	1.4.304.1	1	ports/opt/vulkan-validation-layers/Pkgfile
opt	webp-pixbuf-loader	0.2.7	1	ports/opt/webp-pixbuf-loader/Pkgfile
opt	wget	2.2.1	1	ports/opt/wget/Pkgfile
opt	wgetpaste	2.33	1	ports/opt/wgetpaste/Pkgfile
opt	wireless-regdb	2026.05.30	1	ports/opt/wireless-regdb/Pkgfile
opt	wireplumber	0.5.17	1	ports/opt/wireplumber/Pkgfile
opt	wlroots	0.20.2	2	ports/opt/wlroots/Pkgfile
opt	woff2	1.0.2	1	ports/opt/woff2/Pkgfile
opt	x264	20250212	1	ports/opt/x264/Pkgfile
opt	x265	4.2	2	ports/opt/x265/Pkgfile
opt	xapian	1.4.25	1	ports/opt/xapian/Pkgfile
opt	xdg-dbus-proxy	0.1.8	1	ports/opt/xdg-dbus-proxy/Pkgfile
opt	xdg-desktop-portal	1.22.1	3	ports/opt/xdg-desktop-portal/Pkgfile
opt	xdg-desktop-portal-gtk	1.15.3	1	ports/opt/xdg-desktop-portal-gtk/Pkgfile
opt	xdg-user-dirs	0.20	3	ports/opt/xdg-user-dirs/Pkgfile
opt	xdotool	4.20260303.1	1	ports/opt/xdotool/Pkgfile
opt	xmlto	0.0.29	1	ports/opt/xmlto/Pkgfile
opt	yasm	1.3.0	4	ports/opt/yasm/Pkgfile
opt	zip	3.0	1	ports/opt/zip/Pkgfile
opt	zxing-cpp	3.1.1	2	ports/opt/zxing-cpp/Pkgfile
xorg	bdftopcf	1.1.1	1	ports/xorg/bdftopcf/Pkgfile
xorg	fontconfig	2.18.3	2	ports/xorg/fontconfig/Pkgfile
xorg	glew	2.3.1	1	ports/xorg/glew/Pkgfile
xorg	glu	9.0.3	1	ports/xorg/glu/Pkgfile
xorg	iceauth	1.0.11	2	ports/xorg/iceauth/Pkgfile
xorg	libFS	1.0.10	3	ports/xorg/libFS/Pkgfile
xorg	libICE	1.1.2	2	ports/xorg/libICE/Pkgfile
xorg	libSM	1.2.6	3	ports/xorg/libSM/Pkgfile
xorg	libX11	1.8.13	3	ports/xorg/libX11/Pkgfile
xorg	libXScrnSaver	1.2.5	3	ports/xorg/libXScrnSaver/Pkgfile
xorg	libXau	1.0.12	1	ports/xorg/libXau/Pkgfile
xorg	libXaw	1.0.16	2	ports/xorg/libXaw/Pkgfile
xorg	libXcomposite	0.4.7	3	ports/xorg/libXcomposite/Pkgfile
xorg	libXcursor	1.2.3	2	ports/xorg/libXcursor/Pkgfile
xorg	libXdamage	1.1.7	3	ports/xorg/libXdamage/Pkgfile
xorg	libXdmcp	1.1.5	1	ports/xorg/libXdmcp/Pkgfile
xorg	libXext	1.3.7	3	ports/xorg/libXext/Pkgfile
xorg	libXfixes	6.0.2	3	ports/xorg/libXfixes/Pkgfile
xorg	libXfont2	2.0.9	3	ports/xorg/libXfont2/Pkgfile
xorg	libXft	2.3.9	3	ports/xorg/libXft/Pkgfile
xorg	libXi	1.8.3	3	ports/xorg/libXi/Pkgfile
xorg	libXinerama	1.1.6	3	ports/xorg/libXinerama/Pkgfile
xorg	libXmu	1.3.1	3	ports/xorg/libXmu/Pkgfile
xorg	libXpm	3.5.19	3	ports/xorg/libXpm/Pkgfile
xorg	libXpresent	1.0.2	3	ports/xorg/libXpresent/Pkgfile
xorg	libXrandr	1.5.5	3	ports/xorg/libXrandr/Pkgfile
xorg	libXrender	0.9.12	2	ports/xorg/libXrender/Pkgfile
xorg	libXres	1.2.3	3	ports/xorg/libXres/Pkgfile
xorg	libXt	1.3.1	2	ports/xorg/libXt/Pkgfile
xorg	libXtst	1.2.5	3	ports/xorg/libXtst/Pkgfile
xorg	libXv	1.0.13	2	ports/xorg/libXv/Pkgfile
xorg	libXvMC	1.0.15	4	ports/xorg/libXvMC/Pkgfile
xorg	libXxf86dga	1.1.7	3	ports/xorg/libXxf86dga/Pkgfile
xorg	libXxf86vm	1.1.7	3	ports/xorg/libXxf86vm/Pkgfile
xorg	libdrm	2.4.134	3	ports/xorg/libdrm/Pkgfile
xorg	libepoxy	1.5.10	1	ports/xorg/libepoxy/Pkgfile
xorg	libevdev	1.13.6	2	ports/xorg/libevdev/Pkgfile
xorg	libfontenc	1.1.9	3	ports/xorg/libfontenc/Pkgfile
xorg	libglvnd	1.7.0	2	ports/xorg/libglvnd/Pkgfile
xorg	libinput	1.31.3	2	ports/xorg/libinput/Pkgfile
xorg	libpciaccess	0.19	2	ports/xorg/libpciaccess/Pkgfile
xorg	libpthread-stubs	0.5	1	ports/xorg/libpthread-stubs/Pkgfile
xorg	libunwind	1.8.3	3	ports/xorg/libunwind/Pkgfile
xorg	libva	2.24.1	2	ports/xorg/libva/Pkgfile
xorg	libvdpau	1.5	2	ports/xorg/libvdpau/Pkgfile
xorg	libvdpau-va-gl	0.4.2	1	ports/xorg/libvdpau-va-gl/Pkgfile
xorg	libxcb	1.17.0	1	ports/xorg/libxcb/Pkgfile
xorg	libxcvt	0.1.3	1	ports/xorg/libxcvt/Pkgfile
xorg	libxkbcommon	1.13.2	8	ports/xorg/libxkbcommon/Pkgfile
xorg	libxkbfile	1.2.0	3	ports/xorg/libxkbfile/Pkgfile
xorg	libxshmfence	1.3.3	2	ports/xorg/libxshmfence/Pkgfile
xorg	luit	20250912	2	ports/xorg/luit/Pkgfile
xorg	mesa	26.2.2	1	ports/xorg/mesa/Pkgfile
xorg	mesa-demos	9.0.0	2	ports/xorg/mesa-demos/Pkgfile
xorg	mkfontscale	1.2.4	2	ports/xorg/mkfontscale/Pkgfile
xorg	mtdev	1.1.7	1	ports/xorg/mtdev/Pkgfile
xorg	pixman	0.46.4	2	ports/xorg/pixman/Pkgfile
xorg	sessreg	1.1.4	2	ports/xorg/sessreg/Pkgfile
xorg	setxkbmap	1.3.5	2	ports/xorg/setxkbmap/Pkgfile
xorg	smproxy	1.0.8	2	ports/xorg/smproxy/Pkgfile
xorg	twm	1.0.13.1	1	ports/xorg/twm/Pkgfile
xorg	util-macros	1.20.2	2	ports/xorg/util-macros/Pkgfile
xorg	wayland	1.26.0	2	ports/xorg/wayland/Pkgfile
xorg	wayland-protocols	1.49	2	ports/xorg/wayland-protocols/Pkgfile
xorg	x11perf	1.6.2	1	ports/xorg/x11perf/Pkgfile
xorg	xauth	1.1.5	3	ports/xorg/xauth/Pkgfile
xorg	xbacklight	1.2.4	1	ports/xorg/xbacklight/Pkgfile
xorg	xbitmaps	1.1.4	2	ports/xorg/xbitmaps/Pkgfile
xorg	xcb-proto	1.17.0	1	ports/xorg/xcb-proto/Pkgfile
xorg	xcb-util	0.4.1	2	ports/xorg/xcb-util/Pkgfile
xorg	xcb-util-cursor	0.1.4	2	ports/xorg/xcb-util-cursor/Pkgfile
xorg	xcb-util-image	0.4.1	2	ports/xorg/xcb-util-image/Pkgfile
xorg	xcb-util-keysyms	0.4.1	2	ports/xorg/xcb-util-keysyms/Pkgfile
xorg	xcb-util-renderutil	0.3.10	2	ports/xorg/xcb-util-renderutil/Pkgfile
xorg	xcb-util-wm	0.4.2	2	ports/xorg/xcb-util-wm/Pkgfile
xorg	xclip	0.13	3	ports/xorg/xclip/Pkgfile
xorg	xclock	1.2.1	1	ports/xorg/xclock/Pkgfile
xorg	xcmsdb	1.0.7	2	ports/xorg/xcmsdb/Pkgfile
xorg	xcursor-themes	1.0.7	1	ports/xorg/xcursor-themes/Pkgfile
xorg	xcursorgen	1.0.9	2	ports/xorg/xcursorgen/Pkgfile
xorg	xdg-utils	v1.2.1	1	ports/xorg/xdg-utils/Pkgfile
xorg	xdpyinfo	1.4.0	2	ports/xorg/xdpyinfo/Pkgfile
xorg	xdriinfo	1.0.8	2	ports/xorg/xdriinfo/Pkgfile
xorg	xev	1.2.7	2	ports/xorg/xev/Pkgfile
xorg	xf86-input-elographics	1.4.3	1	ports/xorg/xf86-input-elographics/Pkgfile
xorg	xf86-input-evdev	2.11.0	1	ports/xorg/xf86-input-evdev/Pkgfile
xorg	xf86-input-joystick	1.6.4	1	ports/xorg/xf86-input-joystick/Pkgfile
xorg	xf86-input-libinput	1.5.0	1	ports/xorg/xf86-input-libinput/Pkgfile
xorg	xf86-input-synaptics	1.10.0	2	ports/xorg/xf86-input-synaptics/Pkgfile
xorg	xf86-input-vmmouse	13.2.0	1	ports/xorg/xf86-input-vmmouse/Pkgfile
xorg	xf86-input-wacom	1.2.4	2	ports/xorg/xf86-input-wacom/Pkgfile
xorg	xf86-video-amdgpu	23.0.0	1	ports/xorg/xf86-video-amdgpu/Pkgfile
xorg	xf86-video-ast	1.2.0	1	ports/xorg/xf86-video-ast/Pkgfile
xorg	xf86-video-ati	22.0.0	1	ports/xorg/xf86-video-ati/Pkgfile
xorg	xf86-video-cirrus	1.6.0	1	ports/xorg/xf86-video-cirrus/Pkgfile
xorg	xf86-video-dummy	0.4.1	1	ports/xorg/xf86-video-dummy/Pkgfile
xorg	xf86-video-fbdev	0.5.1	1	ports/xorg/xf86-video-fbdev/Pkgfile
xorg	xf86-video-intel	2.99.917-931	1	ports/xorg/xf86-video-intel/Pkgfile
xorg	xf86-video-mga	2.0.1	1	ports/xorg/xf86-video-mga/Pkgfile
xorg	xf86-video-neomagic	1.3.1	1	ports/xorg/xf86-video-neomagic/Pkgfile
xorg	xf86-video-nouveau	1.0.18	2	ports/xorg/xf86-video-nouveau/Pkgfile
xorg	xf86-video-openchrome	0.6.0	3	ports/xorg/xf86-video-openchrome/Pkgfile
xorg	xf86-video-siliconmotion	1.7.9	1	ports/xorg/xf86-video-siliconmotion/Pkgfile
xorg	xf86-video-sis	0.12.0	1	ports/xorg/xf86-video-sis/Pkgfile
xorg	xf86-video-vboxvideo	1.0.0	2	ports/xorg/xf86-video-vboxvideo/Pkgfile
xorg	xf86-video-vesa	2.6.0	1	ports/xorg/xf86-video-vesa/Pkgfile
xorg	xf86-video-vmware	13.4.0	1	ports/xorg/xf86-video-vmware/Pkgfile
xorg	xgamma	1.0.8	2	ports/xorg/xgamma/Pkgfile
xorg	xhost	1.0.10	1	ports/xorg/xhost/Pkgfile
xorg	xinit	1.4.4	3	ports/xorg/xinit/Pkgfile
xorg	xinput	1.6.4	1	ports/xorg/xinput/Pkgfile
xorg	xkbcomp	1.5.0	2	ports/xorg/xkbcomp/Pkgfile
xorg	xkbevd	1.1.6	2	ports/xorg/xkbevd/Pkgfile
xorg	xkbutils	1.0.7	3	ports/xorg/xkbutils/Pkgfile
xorg	xkeyboard-config	2.48	3	ports/xorg/xkeyboard-config/Pkgfile
xorg	xkill	1.0.7	2	ports/xorg/xkill/Pkgfile
xorg	xlsatoms	1.1.5	2	ports/xorg/xlsatoms/Pkgfile
xorg	xlsclients	1.1.6	2	ports/xorg/xlsclients/Pkgfile
xorg	xmessage	1.0.7	2	ports/xorg/xmessage/Pkgfile
xorg	xmodmap	1.0.12	2	ports/xorg/xmodmap/Pkgfile
xorg	xorg	7x	2	ports/xorg/xorg/Pkgfile
xorg	xorg-apps	7x	2	ports/xorg/xorg-apps/Pkgfile
xorg	xorg-driver	7x	4	ports/xorg/xorg-driver/Pkgfile
xorg	xorg-font-adobe-100dpi	1.0.4	1	ports/xorg/xorg-font-adobe-100dpi/Pkgfile
xorg	xorg-font-adobe-75dpi	1.0.4	1	ports/xorg/xorg-font-adobe-75dpi/Pkgfile
xorg	xorg-font-adobe-utopia-100dpi	1.0.5	1	ports/xorg/xorg-font-adobe-utopia-100dpi/Pkgfile
xorg	xorg-font-adobe-utopia-75dpi	1.0.5	1	ports/xorg/xorg-font-adobe-utopia-75dpi/Pkgfile
xorg	xorg-font-adobe-utopia-type1	1.0.5	1	ports/xorg/xorg-font-adobe-utopia-type1/Pkgfile
xorg	xorg-font-alias	1.0.4	1	ports/xorg/xorg-font-alias/Pkgfile
xorg	xorg-font-arabic-misc	1.0.4	1	ports/xorg/xorg-font-arabic-misc/Pkgfile
xorg	xorg-font-bh-100dpi	1.0.4	1	ports/xorg/xorg-font-bh-100dpi/Pkgfile
xorg	xorg-font-bh-75dpi	1.0.4	1	ports/xorg/xorg-font-bh-75dpi/Pkgfile
xorg	xorg-font-bh-lucidatypewriter-100dpi	1.0.4	1	ports/xorg/xorg-font-bh-lucidatypewriter-100dpi/Pkgfile
xorg	xorg-font-bh-lucidatypewriter-75dpi	1.0.4	1	ports/xorg/xorg-font-bh-lucidatypewriter-75dpi/Pkgfile
xorg	xorg-font-bh-ttf	1.0.3	2	ports/xorg/xorg-font-bh-ttf/Pkgfile
xorg	xorg-font-bh-type1	1.0.4	1	ports/xorg/xorg-font-bh-type1/Pkgfile
xorg	xorg-font-bitstream-100dpi	1.0.4	1	ports/xorg/xorg-font-bitstream-100dpi/Pkgfile
xorg	xorg-font-bitstream-75dpi	1.0.4	1	ports/xorg/xorg-font-bitstream-75dpi/Pkgfile
xorg	xorg-font-bitstream-type1	1.0.4	1	ports/xorg/xorg-font-bitstream-type1/Pkgfile
xorg	xorg-font-bitstream-vera	1.10	3	ports/xorg/xorg-font-bitstream-vera/Pkgfile
xorg	xorg-font-cronyx-cyrillic	1.0.4	1	ports/xorg/xorg-font-cronyx-cyrillic/Pkgfile
xorg	xorg-font-cursor-misc	1.0.3	1	ports/xorg/xorg-font-cursor-misc/Pkgfile
xorg	xorg-font-daewoo-misc	1.0.3	1	ports/xorg/xorg-font-daewoo-misc/Pkgfile
xorg	xorg-font-dec-misc	1.0.3	1	ports/xorg/xorg-font-dec-misc/Pkgfile
xorg	xorg-font-dejavu-ttf	2.37	1	ports/xorg/xorg-font-dejavu-ttf/Pkgfile
xorg	xorg-font-ibm-type1	1.0.4	1	ports/xorg/xorg-font-ibm-type1/Pkgfile
xorg	xorg-font-isas-misc	1.0.4	1	ports/xorg/xorg-font-isas-misc/Pkgfile
xorg	xorg-font-jis-misc	1.0.3	1	ports/xorg/xorg-font-jis-misc/Pkgfile
xorg	xorg-font-micro-misc	1.0.4	1	ports/xorg/xorg-font-micro-misc/Pkgfile
xorg	xorg-font-misc-cyrillic	1.0.4	1	ports/xorg/xorg-font-misc-cyrillic/Pkgfile
xorg	xorg-font-misc-ethiopic	1.0.5	1	ports/xorg/xorg-font-misc-ethiopic/Pkgfile
xorg	xorg-font-misc-meltho	1.0.3	1	ports/xorg/xorg-font-misc-meltho/Pkgfile
xorg	xorg-font-misc-misc	1.1.2	1	ports/xorg/xorg-font-misc-misc/Pkgfile
xorg	xorg-font-mutt-misc	1.0.4	1	ports/xorg/xorg-font-mutt-misc/Pkgfile
xorg	xorg-font-schumacher-misc	1.1.2	1	ports/xorg/xorg-font-schumacher-misc/Pkgfile
xorg	xorg-font-screen-cyrillic	1.0.5	1	ports/xorg/xorg-font-screen-cyrillic/Pkgfile
xorg	xorg-font-sony-misc	1.0.3	1	ports/xorg/xorg-font-sony-misc/Pkgfile
xorg	xorg-font-sun-misc	1.0.3	1	ports/xorg/xorg-font-sun-misc/Pkgfile
xorg	xorg-font-util	1.4.1	1	ports/xorg/xorg-font-util/Pkgfile
xorg	xorg-font-winitzki-cyrillic	1.0.4	1	ports/xorg/xorg-font-winitzki-cyrillic/Pkgfile
xorg	xorg-font-xfree86-type1	1.0.5	1	ports/xorg/xorg-font-xfree86-type1/Pkgfile
xorg	xorg-fonts	7x	1	ports/xorg/xorg-fonts/Pkgfile
xorg	xorg-libs	7x	3	ports/xorg/xorg-libs/Pkgfile
xorg	xorg-server	21.1.24	2	ports/xorg/xorg-server/Pkgfile
xorg	xorgproto	2025.1	3	ports/xorg/xorgproto/Pkgfile
xorg	xpr	1.2.0	2	ports/xorg/xpr/Pkgfile
xorg	xprop	1.2.8	2	ports/xorg/xprop/Pkgfile
xorg	xrandr	1.5.4	2	ports/xorg/xrandr/Pkgfile
xorg	xrdb	1.2.3	2	ports/xorg/xrdb/Pkgfile
xorg	xrefresh	1.1.1	2	ports/xorg/xrefresh/Pkgfile
xorg	xscreensaver	6.15	7	ports/xorg/xscreensaver/Pkgfile
xorg	xset	1.2.6	2	ports/xorg/xset/Pkgfile
xorg	xsetroot	1.1.4	4	ports/xorg/xsetroot/Pkgfile
xorg	xterm	411	1	ports/xorg/xterm/Pkgfile
xorg	xtrans	1.6.0	3	ports/xorg/xtrans/Pkgfile
xorg	xvinfo	1.1.6	2	ports/xorg/xvinfo/Pkgfile
xorg	xwayland	24.1.13	2	ports/xorg/xwayland/Pkgfile
xorg	xwd	1.0.10	2	ports/xorg/xwd/Pkgfile
xorg	xwininfo	1.1.7	2	ports/xorg/xwininfo/Pkgfile
xorg	xwud	1.0.8	2	ports/xorg/xwud/Pkgfile
plasma	ark	26.08.0	2	ports/plasma/ark/Pkgfile
plasma	attica	6.29.0	2	ports/plasma/attica/Pkgfile
plasma	baloo	6.29.0	2	ports/plasma/baloo/Pkgfile
plasma	bluedevil	6.7.4	2	ports/plasma/bluedevil/Pkgfile
plasma	bluez-qt	6.29.0	2	ports/plasma/bluez-qt/Pkgfile
plasma	breeze	6.7.4	2	ports/plasma/breeze/Pkgfile
plasma	breeze-gtk	6.7.4	2	ports/plasma/breeze-gtk/Pkgfile
plasma	breeze-icons	6.29.0	2	ports/plasma/breeze-icons/Pkgfile
plasma	dolphin	26.08.0	2	ports/plasma/dolphin/Pkgfile
plasma	dolphin-plugins	26.08.0	2	ports/plasma/dolphin-plugins/Pkgfile
plasma	drkonqi	6.7.4	2	ports/plasma/drkonqi/Pkgfile
plasma	extra-cmake-modules	6.29.0	3	ports/plasma/extra-cmake-modules/Pkgfile
plasma	frameworkintegration	6.29.0	2	ports/plasma/frameworkintegration/Pkgfile
plasma	gwenview	26.08.0	2	ports/plasma/gwenview/Pkgfile
plasma	k3b	26.08.0	4	ports/plasma/k3b/Pkgfile
plasma	kaccounts-integration	26.08.0	2	ports/plasma/kaccounts-integration/Pkgfile
plasma	kactivities	5.115.0	1	ports/plasma/kactivities/Pkgfile
plasma	kactivities-stats	5.115.0	1	ports/plasma/kactivities-stats/Pkgfile
plasma	kactivitymanagerd	6.7.4	2	ports/plasma/kactivitymanagerd/Pkgfile
plasma	kapidox	6.29.0	3	ports/plasma/kapidox/Pkgfile
plasma	karchive	6.29.0	2	ports/plasma/karchive/Pkgfile
plasma	kauth	6.29.0	3	ports/plasma/kauth/Pkgfile
plasma	kbookmarks	6.29.0	2	ports/plasma/kbookmarks/Pkgfile
plasma	kcalendarcore	6.29.0	2	ports/plasma/kcalendarcore/Pkgfile
plasma	kcmutils	6.29.0	2	ports/plasma/kcmutils/Pkgfile
plasma	kcodecs	6.29.0	2	ports/plasma/kcodecs/Pkgfile
plasma	kcolorpicker	0.3.1	1	ports/plasma/kcolorpicker/Pkgfile
plasma	kcolorscheme	6.29.0	2	ports/plasma/kcolorscheme/Pkgfile
plasma	kcompletion	6.29.0	2	ports/plasma/kcompletion/Pkgfile
plasma	kconfig	6.29.0	2	ports/plasma/kconfig/Pkgfile
plasma	kconfigwidgets	6.29.0	2	ports/plasma/kconfigwidgets/Pkgfile
plasma	kcontacts	6.29.0	2	ports/plasma/kcontacts/Pkgfile
plasma	kcoreaddons	6.29.0	2	ports/plasma/kcoreaddons/Pkgfile
plasma	kcrash	6.29.0	2	ports/plasma/kcrash/Pkgfile
plasma	kdav	6.29.0	2	ports/plasma/kdav/Pkgfile
plasma	kdbusaddons	6.29.0	2	ports/plasma/kdbusaddons/Pkgfile
plasma	kddockwidgets	2.4.0	3	ports/plasma/kddockwidgets/Pkgfile
plasma	kde-cli-tools	6.7.4	2	ports/plasma/kde-cli-tools/Pkgfile
plasma	kde-frameworks-6	6.29.0	3	ports/plasma/kde-frameworks-6/Pkgfile
plasma	kde-gtk-config	6.7.4	2	ports/plasma/kde-gtk-config/Pkgfile
plasma	kdeclarative	6.29.0	2	ports/plasma/kdeclarative/Pkgfile
plasma	kdecoration	6.7.4	2	ports/plasma/kdecoration/Pkgfile
plasma	kded	6.29.0	2	ports/plasma/kded/Pkgfile
plasma	kdelibs4support	5.115.0	1	ports/plasma/kdelibs4support/Pkgfile
plasma	kdenlive	26.08.0	2	ports/plasma/kdenlive/Pkgfile
plasma	kdeplasma-addons	6.7.4	3	ports/plasma/kdeplasma-addons/Pkgfile
plasma	kdesignerplugin	5.115.0	1	ports/plasma/kdesignerplugin/Pkgfile
plasma	kdesu	6.29.0	2	ports/plasma/kdesu/Pkgfile
plasma	kdewebkit	5.115.0	1	ports/plasma/kdewebkit/Pkgfile
plasma	kdnssd	6.29.0	2	ports/plasma/kdnssd/Pkgfile
plasma	kdoctools	6.29.0	3	ports/plasma/kdoctools/Pkgfile
plasma	kemoticons	5.115.0	1	ports/plasma/kemoticons/Pkgfile
plasma	kfilemetadata	6.29.0	2	ports/plasma/kfilemetadata/Pkgfile
plasma	kgamma	6.7.4	2	ports/plasma/kgamma/Pkgfile
plasma	kglobalaccel	6.29.0	2	ports/plasma/kglobalaccel/Pkgfile
plasma	kglobalacceld	6.7.4	2	ports/plasma/kglobalacceld/Pkgfile
plasma	kguiaddons	6.29.0	2	ports/plasma/kguiaddons/Pkgfile
plasma	khelpcenter	26.08.0	2	ports/plasma/khelpcenter/Pkgfile
plasma	kholidays	6.29.0	2	ports/plasma/kholidays/Pkgfile
plasma	khtml	5.115.0	1	ports/plasma/khtml/Pkgfile
plasma	ki18n	6.29.0	2	ports/plasma/ki18n/Pkgfile
plasma	kiconthemes	6.29.0	2	ports/plasma/kiconthemes/Pkgfile
plasma	kidletime	6.29.0	2	ports/plasma/kidletime/Pkgfile
plasma	kimageannotator	0.7.1	3	ports/plasma/kimageannotator/Pkgfile
plasma	kimageformats	6.29.0	3	ports/plasma/kimageformats/Pkgfile
plasma	kinfocenter	6.7.4	2	ports/plasma/kinfocenter/Pkgfile
plasma	kinit	5.115.0	1	ports/plasma/kinit/Pkgfile
plasma	kio	6.29.0	2	ports/plasma/kio/Pkgfile
plasma	kio-extras	26.08.0	2	ports/plasma/kio-extras/Pkgfile
plasma	kirigami	6.29.0	2	ports/plasma/kirigami/Pkgfile
plasma	kirigami-addons	1.13.1	1	ports/plasma/kirigami-addons/Pkgfile
plasma	kitemmodels	6.29.0	2	ports/plasma/kitemmodels/Pkgfile
plasma	kitemviews	6.29.0	2	ports/plasma/kitemviews/Pkgfile
plasma	kjobwidgets	6.29.0	2	ports/plasma/kjobwidgets/Pkgfile
plasma	kjs	5.115.0	1	ports/plasma/kjs/Pkgfile
plasma	kjsembed	5.115.0	1	ports/plasma/kjsembed/Pkgfile
plasma	kmediaplayer	5.115.0	1	ports/plasma/kmediaplayer/Pkgfile
plasma	kmenuedit	6.7.4	2	ports/plasma/kmenuedit/Pkgfile
plasma	kmix	26.08.0	4	ports/plasma/kmix/Pkgfile
plasma	knewstuff	6.29.0	2	ports/plasma/knewstuff/Pkgfile
plasma	knighttime	6.7.4	2	ports/plasma/knighttime/Pkgfile
plasma	knotifications	6.29.0	2	ports/plasma/knotifications/Pkgfile
plasma	knotifyconfig	6.29.0	2	ports/plasma/knotifyconfig/Pkgfile
plasma	konsole	26.08.0	3	ports/plasma/konsole/Pkgfile
plasma	konversation	26.08.0	2	ports/plasma/konversation/Pkgfile
plasma	kpackage	6.29.0	2	ports/plasma/kpackage/Pkgfile
plasma	kparts	6.29.0	2	ports/plasma/kparts/Pkgfile
plasma	kpeople	6.29.0	2	ports/plasma/kpeople/Pkgfile
plasma	kpipewire	6.7.4	2	ports/plasma/kpipewire/Pkgfile
plasma	kplotting	6.29.0	2	ports/plasma/kplotting/Pkgfile
plasma	kpty	6.29.0	2	ports/plasma/kpty/Pkgfile
plasma	kquickcharts	6.29.0	2	ports/plasma/kquickcharts/Pkgfile
plasma	kross	5.115.0	1	ports/plasma/kross/Pkgfile
plasma	krunner	6.29.0	2	ports/plasma/krunner/Pkgfile
plasma	kscreen	6.7.4	2	ports/plasma/kscreen/Pkgfile
plasma	kscreenlocker	6.7.4	3	ports/plasma/kscreenlocker/Pkgfile
plasma	kservice	6.29.0	3	ports/plasma/kservice/Pkgfile
plasma	ksshaskpass	6.7.4	2	ports/plasma/ksshaskpass/Pkgfile
plasma	kstatusnotifieritem	6.29.0	2	ports/plasma/kstatusnotifieritem/Pkgfile
plasma	ksvg	6.29.0	2	ports/plasma/ksvg/Pkgfile
plasma	ksystemstats	6.7.4	2	ports/plasma/ksystemstats/Pkgfile
plasma	ktexteditor	6.29.0	2	ports/plasma/ktexteditor/Pkgfile
plasma	ktexttemplate	6.29.0	2	ports/plasma/ktexttemplate/Pkgfile
plasma	ktextwidgets	6.29.0	2	ports/plasma/ktextwidgets/Pkgfile
plasma	kunitconversion	6.29.0	2	ports/plasma/kunitconversion/Pkgfile
plasma	kuserfeedback	6.29.0	2	ports/plasma/kuserfeedback/Pkgfile
plasma	kwallet	6.29.0	2	ports/plasma/kwallet/Pkgfile
plasma	kwallet-pam	6.7.4	2	ports/plasma/kwallet-pam/Pkgfile
plasma	kwayland	6.7.4	2	ports/plasma/kwayland/Pkgfile
plasma	kwayland-integration qt6	6.7.4	2	ports/plasma/kwayland-integration/Pkgfile
plasma	kwidgetsaddons	6.29.0	2	ports/plasma/kwidgetsaddons/Pkgfile
plasma	kwin	6.7.4	2	ports/plasma/kwin/Pkgfile
plasma	kwin-x11	6.7.4	2	ports/plasma/kwin-x11/Pkgfile
plasma	kwindowsystem	6.29.0	2	ports/plasma/kwindowsystem/Pkgfile
plasma	kwrited	6.7.4	2	ports/plasma/kwrited/Pkgfile
plasma	kxmlgui	6.29.0	2	ports/plasma/kxmlgui/Pkgfile
plasma	kxmlrpcclient	5.115.0	1	ports/plasma/kxmlrpcclient/Pkgfile
plasma	layer-shell-qt	6.7.4	2	ports/plasma/layer-shell-qt/Pkgfile
plasma	libdbusmenu-qt5	0.9.3+16.04.20160218	2	ports/plasma/libdbusmenu-qt5/Pkgfile
plasma	libkcddb	26.08.0	4	ports/plasma/libkcddb/Pkgfile
plasma	libkdcraw	26.08.0	2	ports/plasma/libkdcraw/Pkgfile
plasma	libkexiv2	26.08.0	2	ports/plasma/libkexiv2/Pkgfile
plasma	libkscreen	6.7.4	2	ports/plasma/libkscreen/Pkgfile
plasma	libksysguard	6.7.4	2	ports/plasma/libksysguard/Pkgfile
plasma	libplasma	6.7.4	2	ports/plasma/libplasma/Pkgfile
plasma	milou	6.7.4	2	ports/plasma/milou/Pkgfile
plasma	modemmanager-qt	6.29.0	2	ports/plasma/modemmanager-qt/Pkgfile
plasma	networkmanager-qt	6.29.0	2	ports/plasma/networkmanager-qt/Pkgfile
plasma	ocean-sound-theme	6.7.4	2	ports/plasma/ocean-sound-theme/Pkgfile
plasma	okular	26.08.0	2	ports/plasma/okular/Pkgfile
plasma	oxygen qt6	6.7.4	2	ports/plasma/oxygen/Pkgfile
plasma	oxygen-icons	6.29.0	1	ports/plasma/oxygen-icons/Pkgfile
plasma	oxygen-sounds	6.7.4	3	ports/plasma/oxygen-sounds/Pkgfile
plasma	phonon	4.12.0	2	ports/plasma/phonon/Pkgfile
plasma	phonon-backend-vlc	0.12.0	2	ports/plasma/phonon-backend-vlc/Pkgfile
plasma	plasma-activities	6.7.4	2	ports/plasma/plasma-activities/Pkgfile
plasma	plasma-activities-stats	6.7.4	2	ports/plasma/plasma-activities-stats/Pkgfile
plasma	plasma-browser-integration	6.7.4	2	ports/plasma/plasma-browser-integration/Pkgfile
plasma	plasma-default-apps	26.08.0	2	ports/plasma/plasma-default-apps/Pkgfile
plasma	plasma-desktop	6.7.4	2	ports/plasma/plasma-desktop/Pkgfile
plasma	plasma-disks	6.7.4	2	ports/plasma/plasma-disks/Pkgfile
plasma	plasma-firewall	6.7.4	2	ports/plasma/plasma-firewall/Pkgfile
plasma	plasma-integration	6.7.4	2	ports/plasma/plasma-integration/Pkgfile
plasma	plasma-login-manager	6.7.4	1	ports/plasma/plasma-login-manager/Pkgfile
plasma	plasma-meta	6.7.4	6	ports/plasma/plasma-meta/Pkgfile
plasma	plasma-nm	6.7.4	3	ports/plasma/plasma-nm/Pkgfile
plasma	plasma-pa	6.7.4	2	ports/plasma/plasma-pa/Pkgfile
plasma	plasma-systemmonitor	6.7.4	2	ports/plasma/plasma-systemmonitor/Pkgfile
plasma	plasma-thunderbolt	6.7.4	2	ports/plasma/plasma-thunderbolt/Pkgfile
plasma	plasma-vault	6.7.4	2	ports/plasma/plasma-vault/Pkgfile
plasma	plasma-wayland-protocols	1.21.0	2	ports/plasma/plasma-wayland-protocols/Pkgfile
plasma	plasma-welcome	6.7.4	2	ports/plasma/plasma-welcome/Pkgfile
plasma	plasma-workspace	6.7.4	2	ports/plasma/plasma-workspace/Pkgfile
plasma	plasma-workspace-wallpapers	6.7.4	4	ports/plasma/plasma-workspace-wallpapers/Pkgfile
plasma	plasma5support	6.7.4	2	ports/plasma/plasma5support/Pkgfile
plasma	polkit-kde-agent-1	6.7.4	2	ports/plasma/polkit-kde-agent-1/Pkgfile
plasma	polkit-qt-1	0.201.1	3	ports/plasma/polkit-qt-1/Pkgfile
plasma	polkit-qt5	0.114.0	4	ports/plasma/polkit-qt5/Pkgfile
plasma	powerdevil	6.7.4	2	ports/plasma/powerdevil/Pkgfile
plasma	print-manager	6.7.4	2	ports/plasma/print-manager/Pkgfile
plasma	prison	6.29.0	2	ports/plasma/prison/Pkgfile
plasma	pulseaudio-qt	1.8.1	3	ports/plasma/pulseaudio-qt/Pkgfile
plasma	purpose	6.29.0	2	ports/plasma/purpose/Pkgfile
plasma	qcoro	0.13.0	3	ports/plasma/qcoro/Pkgfile
plasma	qqc2-breeze-style	6.7.4	2	ports/plasma/qqc2-breeze-style/Pkgfile
plasma	qqc2-desktop-style	6.29.0	2	ports/plasma/qqc2-desktop-style/Pkgfile
plasma	qtkeychain	0.17.0	2	ports/plasma/qtkeychain/Pkgfile
plasma	sddm	0.21.0	3	ports/plasma/sddm/Pkgfile
plasma	sddm-kcm	6.7.4	2	ports/plasma/sddm-kcm/Pkgfile
plasma	solid	6.29.0	2	ports/plasma/solid/Pkgfile
plasma	sonnet	6.29.0	2	ports/plasma/sonnet/Pkgfile
plasma	syndication	6.29.0	2	ports/plasma/syndication/Pkgfile
plasma	syntax-highlighting	6.29.0	2	ports/plasma/syntax-highlighting/Pkgfile
plasma	systemsettings	6.7.4	2	ports/plasma/systemsettings/Pkgfile
plasma	threadweaver	6.29.0	2	ports/plasma/threadweaver/Pkgfile
plasma	xdg-desktop-portal-kde	6.7.4	2	ports/plasma/xdg-desktop-portal-kde/Pkgfile
gnome	SpiderMonkey	140.15.0esr	1	ports/gnome/SpiderMonkey/Pkgfile
gnome	adwaita-icon-theme	50.0	1	ports/gnome/adwaita-icon-theme/Pkgfile
gnome	appstream	1.0.3	1	ports/gnome/appstream/Pkgfile
gnome	apr	1.7.5	1	ports/gnome/apr/Pkgfile
gnome	baobab	50.0	1	ports/gnome/baobab/Pkgfile
gnome	brasero	3.12.3	2	ports/gnome/brasero/Pkgfile
gnome	dconf	0.49.0	1	ports/gnome/dconf/Pkgfile
gnome	dconf-editor	49.0	2	ports/gnome/dconf-editor/Pkgfile
gnome	eog	47.0	1	ports/gnome/eog/Pkgfile
gnome	evince	48.4	1	ports/gnome/evince/Pkgfile
gnome	evolution	3.60.2	1	ports/gnome/evolution/Pkgfile
gnome	evolution-data-server	3.60.2	1	ports/gnome/evolution-data-server/Pkgfile
gnome	file-roller	44.7	1	ports/gnome/file-roller/Pkgfile
gnome	gcr	3.41.2	1	ports/gnome/gcr/Pkgfile
gnome	gcr4	4.4.0.1	1	ports/gnome/gcr4/Pkgfile
gnome	gdm	50.3	1	ports/gnome/gdm/Pkgfile
gnome	geocode-glib	3.26.4	1	ports/gnome/geocode-glib/Pkgfile
gnome	gexiv2	0.16.2	1	ports/gnome/gexiv2/Pkgfile
gnome	gjs	1.88.1	1	ports/gnome/gjs/Pkgfile
gnome	gnome-apps-meta	50.0	1	ports/gnome/gnome-apps-meta/Pkgfile
gnome	gnome-autoar	0.5.0	1	ports/gnome/gnome-autoar/Pkgfile
gnome	gnome-backgrounds	50.0	1	ports/gnome/gnome-backgrounds/Pkgfile
gnome	gnome-bluetooth	47.2	1	ports/gnome/gnome-bluetooth/Pkgfile
gnome	gnome-calculator	50.0	1	ports/gnome/gnome-calculator/Pkgfile
gnome	gnome-color-manager	3.36.2	1	ports/gnome/gnome-color-manager/Pkgfile
gnome	gnome-connections	50.0	1	ports/gnome/gnome-connections/Pkgfile
gnome	gnome-control-center	50.4	1	ports/gnome/gnome-control-center/Pkgfile
gnome	gnome-desktop	44.5	1	ports/gnome/gnome-desktop/Pkgfile
gnome	gnome-disk-utility	46.1	1	ports/gnome/gnome-disk-utility/Pkgfile
gnome	gnome-icon-theme	3.12.0	1	ports/gnome/gnome-icon-theme/Pkgfile
gnome	gnome-keyring	50.0	1	ports/gnome/gnome-keyring/Pkgfile
gnome	gnome-logs	50.0	1	ports/gnome/gnome-logs/Pkgfile
gnome	gnome-maps	50.4	1	ports/gnome/gnome-maps/Pkgfile
gnome	gnome-menus	3.38.1	1	ports/gnome/gnome-menus/Pkgfile
gnome	gnome-meta	50.0	1	ports/gnome/gnome-meta/Pkgfile
gnome	gnome-nettool	42.0	1	ports/gnome/gnome-nettool/Pkgfile
gnome	gnome-online-accounts	3.58.1	1	ports/gnome/gnome-online-accounts/Pkgfile
gnome	gnome-power-manager	50.0	1	ports/gnome/gnome-power-manager/Pkgfile
gnome	gnome-screenshot	41.0	1	ports/gnome/gnome-screenshot/Pkgfile
gnome	gnome-session	50.1	1	ports/gnome/gnome-session/Pkgfile
gnome	gnome-settings-daemon	50.1	1	ports/gnome/gnome-settings-daemon/Pkgfile
gnome	gnome-shell	50.4	1	ports/gnome/gnome-shell/Pkgfile
gnome	gnome-shell-extensions	50.3	1	ports/gnome/gnome-shell-extensions/Pkgfile
gnome	gnome-system-monitor	50.0	1	ports/gnome/gnome-system-monitor/Pkgfile
gnome	gnome-terminal	3.60.0	1	ports/gnome/gnome-terminal/Pkgfile
gnome	gnome-tweaks	49.0	1	ports/gnome/gnome-tweaks/Pkgfile
gnome	gnome-user-docs	50.4	1	ports/gnome/gnome-user-docs/Pkgfile
gnome	gnome-weather	50.0	1	ports/gnome/gnome-weather/Pkgfile
gnome	grilo	0.3.16	1	ports/gnome/grilo/Pkgfile
gnome	gsettings-desktop-schemas	50.1	1	ports/gnome/gsettings-desktop-schemas/Pkgfile
gnome	gsound	1.0.3	1	ports/gnome/gsound/Pkgfile
gnome	gucharmap	17.0.2	1	ports/gnome/gucharmap/Pkgfile
gnome	gvfs	1.60.2	1	ports/gnome/gvfs/Pkgfile
gnome	gweather-locations	2026.2	1	ports/gnome/gweather-locations/Pkgfile
gnome	libgdata	0.18.1	1	ports/gnome/libgdata/Pkgfile
gnome	libgee	0.20.8	1	ports/gnome/libgee/Pkgfile
gnome	libgtop	2.41.3	1	ports/gnome/libgtop/Pkgfile
gnome	libgweather	4.6.0	1	ports/gnome/libgweather/Pkgfile
gnome	libpeas	1.38.1	1	ports/gnome/libpeas/Pkgfile
gnome	librest	0.10.2	1	ports/gnome/librest/Pkgfile
gnome	libshumate	1.6.3	1	ports/gnome/libshumate/Pkgfile
gnome	libwnck2	2.31.0	1	ports/gnome/libwnck2/Pkgfile
gnome	localsearch	3.11.2	1	ports/gnome/localsearch/Pkgfile
gnome	loupe	50.0	1	ports/gnome/loupe/Pkgfile
gnome	metacity	3.52.0	1	ports/gnome/metacity/Pkgfile
gnome	mutter	50.4	1	ports/gnome/mutter/Pkgfile
gnome	nautilus	50.3	1	ports/gnome/nautilus/Pkgfile
gnome	polkit-gnome	0.105	1	ports/gnome/polkit-gnome/Pkgfile
gnome	seahorse	47.0.1	2	ports/gnome/seahorse/Pkgfile
gnome	showtime	50.0	1	ports/gnome/showtime/Pkgfile
gnome	snapshot	50.0	1	ports/gnome/snapshot/Pkgfile
gnome	sound-theme-freedesktop	0.8	1	ports/gnome/sound-theme-freedesktop/Pkgfile
gnome	talloc	2.4.4	1	ports/gnome/talloc/Pkgfile
gnome	tecla	50.0	1	ports/gnome/tecla/Pkgfile
gnome	telepathy-glib	0.24.2	1	ports/gnome/telepathy-glib/Pkgfile
gnome	tinysparql	3.11.1	1	ports/gnome/tinysparql/Pkgfile
gnome	totem-pl-parser	3.26.7	1	ports/gnome/totem-pl-parser/Pkgfile
gnome	tracker	3.7.3	1	ports/gnome/tracker/Pkgfile
gnome	tracker-miners	3.7.3	1	ports/gnome/tracker-miners/Pkgfile
gnome	uchardet	0.0.8	1	ports/gnome/uchardet/Pkgfile
gnome	vte	0.84.1	1	ports/gnome/vte/Pkgfile
gnome	webkitgtk	2.52.6	1	ports/gnome/webkitgtk/Pkgfile
gnome	webkitgtk-41	2.52.6	1	ports/gnome/webkitgtk-41/Pkgfile
gnome	xdg-desktop-portal-gnome	50.0	1	ports/gnome/xdg-desktop-portal-gnome/Pkgfile
gnome	yelp	49.2	1	ports/gnome/yelp/Pkgfile
gnome	yelp-xsl	49.0	1	ports/gnome/yelp-xsl/Pkgfile
gnome	zenity	4.2.2	1	ports/gnome/zenity/Pkgfile
lxqt	libdbusmenu-lxqt	0.4.0	1	ports/lxqt/libdbusmenu-lxqt/Pkgfile
lxqt	libfm-extra	1.3.2	1	ports/lxqt/libfm-extra/Pkgfile
lxqt	libfm-qt	2.4.0	4	ports/lxqt/libfm-qt/Pkgfile
lxqt	liblxqt	2.4.0	2	ports/lxqt/liblxqt/Pkgfile
lxqt	libqtxdg	4.4.0	2	ports/lxqt/libqtxdg/Pkgfile
lxqt	libsysstat	1.1.0	2	ports/lxqt/libsysstat/Pkgfile
lxqt	lximage-qt	2.4.0	1	ports/lxqt/lximage-qt/Pkgfile
lxqt	lxqt-about	2.4.0	2	ports/lxqt/lxqt-about/Pkgfile
lxqt	lxqt-admin	2.4.0	2	ports/lxqt/lxqt-admin/Pkgfile
lxqt	lxqt-archiver	1.4.0	2	ports/lxqt/lxqt-archiver/Pkgfile
lxqt	lxqt-build-tools	2.4.0	2	ports/lxqt/lxqt-build-tools/Pkgfile
lxqt	lxqt-config	2.4.0	2	ports/lxqt/lxqt-config/Pkgfile
lxqt	lxqt-globalkeys	2.4.0	2	ports/lxqt/lxqt-globalkeys/Pkgfile
lxqt	lxqt-menu-data	2.4.0	2	ports/lxqt/lxqt-menu-data/Pkgfile
lxqt	lxqt-meta	2.4.0	5	ports/lxqt/lxqt-meta/Pkgfile
lxqt	lxqt-notificationd	2.4.0	1	ports/lxqt/lxqt-notificationd/Pkgfile
lxqt	lxqt-openssh-askpass	2.4.0	2	ports/lxqt/lxqt-openssh-askpass/Pkgfile
lxqt	lxqt-panel	2.4.1	2	ports/lxqt/lxqt-panel/Pkgfile
lxqt	lxqt-policykit	2.4.0	2	ports/lxqt/lxqt-policykit/Pkgfile
lxqt	lxqt-powermanagement	2.4.0	2	ports/lxqt/lxqt-powermanagement/Pkgfile
lxqt	lxqt-qtplugin	2.4.0	2	ports/lxqt/lxqt-qtplugin/Pkgfile
lxqt	lxqt-runner	2.4.0	2	ports/lxqt/lxqt-runner/Pkgfile
lxqt	lxqt-session	2.4.0	2	ports/lxqt/lxqt-session/Pkgfile
lxqt	lxqt-sudo	2.4.0	2	ports/lxqt/lxqt-sudo/Pkgfile
lxqt	lxqt-themes	2.4.0	2	ports/lxqt/lxqt-themes/Pkgfile
lxqt	lxqt-wayland-session	0.4.1	1	ports/lxqt/lxqt-wayland-session/Pkgfile
lxqt	menu-cache	1.1.0	2	ports/lxqt/menu-cache/Pkgfile
lxqt	muparser	2.3.4	1	ports/lxqt/muparser/Pkgfile
lxqt	obconf-qt	0.16.6	2	ports/lxqt/obconf-qt/Pkgfile
lxqt	pavucontrol-qt	2.4.0	2	ports/lxqt/pavucontrol-qt/Pkgfile
lxqt	pcmanfm-qt	2.4.1	2	ports/lxqt/pcmanfm-qt/Pkgfile
lxqt	qps	2.13.0	1	ports/lxqt/qps/Pkgfile
lxqt	qterminal	2.4.0	2	ports/lxqt/qterminal/Pkgfile
lxqt	qtermwidget	2.4.0	2	ports/lxqt/qtermwidget/Pkgfile
lxqt	qtxdg-tools	4.4.0	2	ports/lxqt/qtxdg-tools/Pkgfile
lxqt	screengrab	3.2.0	3	ports/lxqt/screengrab/Pkgfile
lxqt	xdg-desktop-portal-lxqt	1.4.0	2	ports/lxqt/xdg-desktop-portal-lxqt/Pkgfile
xfce	exo	4.20.0	1	ports/xfce/exo/Pkgfile
xfce	garcon	4.20.0	1	ports/xfce/garcon/Pkgfile
xfce	libwnck	43.3	1	ports/xfce/libwnck/Pkgfile
xfce	libxfce4ui	4.20.2	1	ports/xfce/libxfce4ui/Pkgfile
xfce	libxfce4util	4.20.1	1	ports/xfce/libxfce4util/Pkgfile
xfce	libxfce4windowing	4.20.7	1	ports/xfce/libxfce4windowing/Pkgfile
xfce	parole	4.20.0	1	ports/xfce/parole/Pkgfile
xfce	ristretto	0.14.0	1	ports/xfce/ristretto/Pkgfile
xfce	thunar	4.20.9	1	ports/xfce/thunar/Pkgfile
xfce	thunar-volman	4.20.0	1	ports/xfce/thunar-volman/Pkgfile
xfce	tumbler	4.20.2	1	ports/xfce/tumbler/Pkgfile
xfce	xfburn	0.8.0	1	ports/xfce/xfburn/Pkgfile
xfce	xfce4-appfinder	4.20.0	1	ports/xfce/xfce4-appfinder/Pkgfile
xfce	xfce4-apps-meta	4.20.0	1	ports/xfce/xfce4-apps-meta/Pkgfile
xfce	xfce4-dev-tools	4.20.0	1	ports/xfce/xfce4-dev-tools/Pkgfile
xfce	xfce4-meta	4.20.0	3	ports/xfce/xfce4-meta/Pkgfile
xfce	xfce4-notifyd	0.9.7	1	ports/xfce/xfce4-notifyd/Pkgfile
xfce	xfce4-panel	4.20.8	2	ports/xfce/xfce4-panel/Pkgfile
xfce	xfce4-power-manager	4.20.1	1	ports/xfce/xfce4-power-manager/Pkgfile
xfce	xfce4-pulseaudio-plugin	0.5.1	1	ports/xfce/xfce4-pulseaudio-plugin/Pkgfile
xfce	xfce4-session	4.20.4	1	ports/xfce/xfce4-session/Pkgfile
xfce	xfce4-settings	4.20.5	1	ports/xfce/xfce4-settings/Pkgfile
xfce	xfce4-terminal	1.2.0	2	ports/xfce/xfce4-terminal/Pkgfile
xfce	xfconf	4.20.0	1	ports/xfce/xfconf/Pkgfile
xfce	xfdesktop	4.20.2	1	ports/xfce/xfdesktop/Pkgfile
xfce	xfwm4	4.20.0	1	ports/xfce/xfwm4/Pkgfile
compiz	ccsm	0.8.18	1	ports/compiz/ccsm/Pkgfile
compiz	compiz	0.8.18	2	ports/compiz/compiz/Pkgfile
compiz	compiz-bcop	0.8.18	1	ports/compiz/compiz-bcop/Pkgfile
compiz	compiz-meta	0.8.18	3	ports/compiz/compiz-meta/Pkgfile
compiz	compiz-plugins-experimental	0.8.18	1	ports/compiz/compiz-plugins-experimental/Pkgfile
compiz	compiz-plugins-extra	0.8.18	1	ports/compiz/compiz-plugins-extra/Pkgfile
compiz	compiz-plugins-main	0.8.18	1	ports/compiz/compiz-plugins-main/Pkgfile
compiz	compizconfig-python	0.8.18	1	ports/compiz/compizconfig-python/Pkgfile
compiz	emerald	0.8.18	2	ports/compiz/emerald/Pkgfile
compiz	emerald-themes	0.8.18	2	ports/compiz/emerald-themes/Pkgfile
compiz	fusion-icon	0.2.4	1	ports/compiz/fusion-icon/Pkgfile
compiz	libcompizconfig	0.8.18	1	ports/compiz/libcompizconfig/Pkgfile
